file_path,file_name,extension,size_kb,ctime,mtime,atime,path_depth,days_since_mod,days_since_created,days_since_accessed,hour_created,is_stale,size_log,cluster,cluster_label,risk_score
C:\Users\ASUS\Downloads\1-03b286cc-25e1-4463-8957-c7d49f104698.pdf,1-03b286cc-25e1-4463-8957-c7d49f104698.pdf,.pdf,223.29296875,2025-10-24 10:39:15.548638,2025-10-24 10:39:15.723163,2025-12-14 16:35:34.614153,5,88,88,37,10,False,5.412953093509183,1,Active Workspace,0.171
C:\Users\ASUS\Downloads\1-568704fb-48f9-40a7-b06a-d142549a6be2.pdf,1-568704fb-48f9-40a7-b06a-d142549a6be2.pdf,.pdf,225.169921875,2025-10-24 10:39:33.587401,2025-10-24 10:39:33.749725,2025-12-14 16:35:34.615157,5,88,88,37,10,False,5.421286583465654,1,Active Workspace,0.171
C:\Users\ASUS\Downloads\1-9b6c3c75-0e3e-4445-b642-8694f4780d08.pdf,1-9b6c3c75-0e3e-4445-b642-8694f4780d08.pdf,.pdf,226.025390625,2025-12-08 22:19:45.757931,2025-12-08 22:19:46.194220,2025-12-14 16:35:34.615157,5,42,42,37,22,False,5.425061864199893,1,Active Workspace,0.165
C:\Users\ASUS\Downloads\10.pdf,10.pdf,.pdf,253.1591796875,2025-08-21 23:59:27.135397,2025-08-21 23:59:27.910010,2025-12-14 16:35:34.620942,5,151,151,37,23,True,5.537960762412379,1,Active Workspace,0.183
C:\Users\ASUS\Downloads\10th_11zon.pdf,10th_11zon.pdf,.pdf,133.05859375,2025-09-05 12:25:28.468968,2025-09-05 12:25:18.055835,2025-12-14 16:35:34.613156,5,137,137,37,12,True,4.898276971168692,1,Active Workspace,0.167
C:\Users\ASUS\Downloads\12.pdf,12.pdf,.pdf,201.763671875,2025-08-21 23:58:35.369300,2025-08-21 23:58:36.045330,2025-12-14 16:35:34.636544,5,151,151,37,23,True,5.312041122904565,1,Active Workspace,0.178
C:\Users\ASUS\Downloads\12th_11zon.pdf,12th_11zon.pdf,.pdf,142.4697265625,2025-09-05 12:25:25.580860,2025-09-05 12:25:18.137414,2025-12-14 16:35:34.620434,5,137,137,37,12,True,4.966124048222234,1,Active Workspace,0.168
C:\Users\ASUS\Downloads\1714439859800.png,1714439859800.png,.png,480.919921875,2025-08-27 09:14:29.470742,2025-08-27 09:18:10.173015,2025-12-14 16:35:34.617381,5,146,146,37,9,True,6.1777779630594924,1,Active Workspace,0.196
C:\Users\ASUS\Downloads\1755876501387.jpeg,1755876501387.jpeg,.jpeg,248.7763671875,2025-08-22 21:01:45.061548,2025-08-22 21:01:45.535905,2026-01-19 19:15:21.535286,5,150,150,0,21,True,5.520565986280411,3,Dormant Giants (High Risk),0.142
C:\Users\ASUS\Downloads\2csedssyll.pdf,2csedssyll.pdf,.pdf,5243.49609375,2025-07-26 09:10:56.086680,2025-07-26 09:10:56.664612,2025-12-14 16:35:34.680522,5,178,178,37,9,True,8.564934442573467,1,Active Workspace,0.254
C:\Users\ASUS\Downloads\2nd sem.pdf,2nd sem.pdf,.pdf,271.341796875,2025-08-22 00:04:07.451130,2025-08-22 00:04:07.700684,2025-12-14 16:35:34.627491,5,151,151,37,0,True,5.607057883585363,1,Active Workspace,0.184
C:\Users\ASUS\Downloads\3973617_ForgotPass.pdf,3973617_ForgotPass.pdf,.pdf,148.267578125,2025-07-24 18:27:12.226690,2025-07-24 18:27:12.775562,2025-12-14 16:35:34.626488,5,180,180,37,18,True,5.005740521719527,1,Active Workspace,0.175
C:\Users\ASUS\Downloads\4th Sem.pdf,4th Sem.pdf,.pdf,234.8623046875,2025-07-31 20:44:18.402708,2025-07-31 20:39:13.101298,2025-12-14 16:35:34.631542,5,172,172,37,20,True,5.46324818003569,1,Active Workspace,0.184
C:\Users\ASUS\Downloads\5 AI tool that make money in 20258.pdf,5 AI tool that make money in 20258.pdf,.pdf,73.5927734375,2025-08-26 22:16:53.461022,2025-08-26 22:16:53.640336,2025-12-14 16:35:34.630275,5,146,146,37,22,True,4.312043631706443,1,Active Workspace,0.155
C:\Users\ASUS\Downloads\A20250725020325470.pdf,A20250725020325470.pdf,.pdf,11.306640625,2025-07-27 19:53:40.262902,2025-07-27 19:53:40.461278,2025-12-14 16:35:34.623490,5,176,176,37,19,True,2.510139004902548,1,Active Workspace,0.119
C:\Users\ASUS\Downloads\activitywatch-v0.13.2-windows-x86_64-setup.exe,activitywatch-v0.13.2-windows-x86_64-setup.exe,.exe,83321.3212890625,2025-12-17 17:41:39.895731,2025-12-17 17:41:46.508629,2026-01-20 18:21:07.532647,5,34,34,0,17,False,11.330471754913166,3,Dormant Giants (High Risk),0.255
C:\Users\ASUS\Downloads\Advanced Prompt Learning 1.docx,Advanced Prompt Learning 1.docx,.docx,16.7255859375,2025-08-04 21:35:56.682566,2025-08-14 20:16:04.576074,2026-01-19 19:26:01.016990,5,158,168,0,21,True,2.8750091289945248,3,Dormant Giants (High Risk),0.085
C:\Users\ASUS\Downloads\af6f680d92c742efbaa269247217d0a1e0e9b5478d7fd8f1abc14ca5.jpg,af6f680d92c742efbaa269247217d0a1e0e9b5478d7fd8f1abc14ca5.jpg,.jpg,173.029296875,2025-12-09 12:26:13.395040,2025-12-09 12:26:13.734943,2025-12-16 19:20:23.861840,5,42,42,34,12,False,5.1592236578862405,1,Active Workspace,0.156
C:\Users\ASUS\Downloads\AgeGender.zip,AgeGender.zip,.zip,4366.326171875,2025-08-25 18:55:08.880033,2025-08-25 18:55:13.455927,2025-12-14 17:47:04.755209,5,147,147,37,18,True,8.381906240844089,1,Active Workspace,0.245
C:\Users\ASUS\Downloads\Agentic ai .zip,Agentic ai .zip,.zip,470816.7373046875,2025-11-06 22:25:24.950604,2025-11-06 22:24:47.208849,2025-12-14 16:35:38.603443,5,74,74,37,22,False,13.062226328477372,1,Active Workspace,0.339
C:\Users\ASUS\Downloads\allChannel.xspf,allChannel.xspf,.xspf,4050.59375,2025-12-19 06:08:33.420457,2025-12-19 06:08:33.696096,2025-12-24 09:13:59.933645,5,32,32,27,6,False,8.306865601210998,1,Active Workspace,0.217
C:\Users\ASUS\Downloads\AnyDesk.exe,AnyDesk.exe,.exe,7821.4296875,2025-09-21 20:29:04.817851,2025-09-21 20:29:11.714104,2026-01-20 16:03:35.036801,5,120,120,0,20,True,8.964750487007914,3,Dormant Giants (High Risk),0.215
C:\Users\ASUS\Downloads\Assessment - Viewer Page _ Infosys Springboard.pdf,Assessment - Viewer Page _ Infosys Springboard.pdf,.pdf,246.08984375,2025-09-21 09:37:47.901820,2025-09-21 09:37:48.087820,2025-12-14 16:35:34.657603,5,121,121,37,9,True,5.5097520103692075,1,Active Workspace,0.178
C:\Users\ASUS\Downloads\At (1).pdf,At (1).pdf,.pdf,158.5458984375,2025-11-25 21:56:26.511489,2025-11-25 21:56:29.930943,2025-12-14 16:35:34.686532,5,55,55,37,21,False,5.07233164532707,1,Active Workspace,0.159
C:\Users\ASUS\Downloads\At.pdf,At.pdf,.pdf,153.09765625,2025-11-25 21:31:09.852353,2025-11-25 21:31:10.531537,2025-12-14 16:35:34.689547,5,55,55,37,21,False,5.037586532930719,1,Active Workspace,0.158
C:\Users\ASUS\Downloads\BCS405A-module-3-written.pdf,BCS405A-module-3-written.pdf,.pdf,8042.7216796875,2025-06-07 06:43:58.520766,2025-06-07 06:44:00.746007,2025-12-14 16:35:34.711596,5,227,227,37,6,True,8.992647150553468,1,Active Workspace,0.27
C:\Users\ASUS\Downloads\Bloody Roar 2.rar,Bloody Roar 2.rar,.rar,21621.6494140625,2025-12-05 07:31:07.717593,2025-12-05 07:31:27.229917,2025-12-14 16:35:38.415479,5,46,46,37,7,False,9.981496628276458,1,Active Workspace,0.267
C:\Users\ASUS\Downloads\Blue and White Modern Professional Headshot LinkedIn Profile Picture.jpg,Blue and White Modern Professional Headshot LinkedIn Profile Picture.jpg,.jpg,81.6220703125,2025-08-26 21:59:14.215815,2025-08-26 21:59:14.404846,2025-12-14 16:35:34.701471,5,146,146,37,21,True,4.414276839903274,1,Active Workspace,0.157
C:\Users\ASUS\Downloads\boardingpass_0.png,boardingpass_0.png,.png,49.064453125,2026-01-11 15:13:52.644339,2026-01-11 15:13:52.826679,2026-01-11 15:14:17.364583,5,9,9,9,15,False,3.913311237800396,3,Dormant Giants (High Risk),0.097
C:\Users\ASUS\Downloads\Business Analyst Task.pdf,Business Analyst Task.pdf,.pdf,91.7216796875,2025-09-13 21:16:15.209680,2025-09-13 21:16:15.660183,2025-12-14 16:35:34.726617,5,128,128,37,21,True,4.529602314565209,1,Active Workspace,0.157
C:\Users\ASUS\Downloads\comet_installer_latest.exe,comet_installer_latest.exe,.exe,14305.3515625,2025-09-13 12:41:34.977800,2025-09-13 12:41:55.044490,2026-01-19 19:15:11.340256,5,129,129,0,12,True,9.56845888284562,3,Dormant Giants (High Risk),0.229
C:\Users\ASUS\Downloads\companies.xlsx,companies.xlsx,.xlsx,8.8994140625,2025-10-24 05:53:34.271192,2025-10-24 05:53:35.856029,2026-01-19 19:26:03.988988,5,88,88,0,5,False,2.2924755697829466,3,Dormant Giants (High Risk),0.062
C:\Users\ASUS\Downloads\Customer_Churn_Prediction_Models_in_Machine_Learning.png,Customer_Churn_Prediction_Models_in_Machine_Learning.png,.png,179.576171875,2025-08-26 20:21:00.627294,2025-08-26 20:21:00.794945,2025-12-24 09:13:35.452193,5,146,146,27,20,True,5.1961526936015785,1,Active Workspace,0.164
C:\Users\ASUS\Downloads\desktop.ini,desktop.ini,.ini,0.275390625,2023-12-02 08:27:18.148000,2025-10-26 14:59:03.363686,2026-01-20 18:52:45.725312,5,86,780,0,8,False,0.24325250423692327,3,Dormant Giants (High Risk),0.016
C:\Users\ASUS\Downloads\E Call Letter.pdf,E Call Letter.pdf,.pdf,272.1611328125,2025-11-25 17:54:07.542434,2025-11-25 17:54:07.737453,2025-12-14 16:35:34.790168,5,56,56,37,17,False,5.610061851150111,1,Active Workspace,0.171
C:\Users\ASUS\Downloads\ePSXe202-1.zip,ePSXe202-1.zip,.zip,1276.9013671875,2025-12-10 12:00:52.772712,2025-12-10 12:00:59.011132,2025-12-14 16:35:36.159357,5,41,41,37,12,False,7.152974454484576,1,Active Workspace,0.203
C:\Users\ASUS\Downloads\ePSXe205.zip,ePSXe205.zip,.zip,1349.173828125,2025-12-10 11:55:38.549155,2025-12-10 12:00:39.503858,2025-12-14 16:35:36.207620,5,41,41,37,11,False,7.20798862471749,1,Active Workspace,0.204
C:\Users\ASUS\Downloads\error 404 sih ppt.pptx,error 404 sih ppt.pptx,.pptx,3327.7919921875,2025-09-24 08:53:30.208754,2025-09-24 08:53:36.791555,2025-12-14 16:35:35.691596,5,118,118,37,8,True,8.110364752050451,1,Active Workspace,0.235
C:\Users\ASUS\Downloads\eTicket_IF25121821415912_3f336acc-8b23-4ec0-b39b-76f394888e22.pdf,eTicket_IF25121821415912_3f336acc-8b23-4ec0-b39b-76f394888e22.pdf,.pdf,40.1279296875,2025-12-18 18:08:47.169012,2025-12-18 18:08:47.394276,2025-12-23 13:33:38.264249,5,33,33,28,18,False,3.716687445150011,1,Active Workspace,0.116
C:\Users\ASUS\Downloads\ex 5 to 12.pdf,ex 5 to 12.pdf,.pdf,1349.5107421875,2025-12-07 10:34:38.658020,2025-12-07 10:34:39.130228,2025-12-14 16:35:35.524153,5,44,44,37,10,False,7.208238127430951,1,Active Workspace,0.205
C:\Users\ASUS\Downloads\export.txt,export.txt,.txt,8.265625,2025-10-19 20:29:01.731999,2025-10-19 20:29:01.945937,2025-12-14 16:35:35.349058,5,92,92,37,20,True,2.2263113156380534,1,Active Workspace,0.101
C:\Users\ASUS\Downloads\Gemini_Generated_Image_ylx96yylx96yylx9.png,Gemini_Generated_Image_ylx96yylx96yylx9.png,.png,4186.84765625,2025-08-26 20:49:17.889927,2025-08-26 20:49:18.071720,2025-12-14 16:35:35.411220,5,146,146,37,20,True,8.339942195075214,1,Active Workspace,0.244
C:\Users\ASUS\Downloads\get-pip.py,get-pip.py,.py,2253.79296875,2025-07-18 21:00:19.137255,2025-07-18 21:00:33.773272,2025-12-14 16:35:35.433832,5,185,185,37,21,True,7.720813437855033,1,Active Workspace,0.236
C:\Users\ASUS\Downloads\Git-2.51.0-64-bit.exe,Git-2.51.0-64-bit.exe,.exe,63184.875,2025-09-12 21:25:05.907083,2025-09-12 21:25:34.536106,2026-01-19 19:15:11.342259,5,129,129,0,21,True,11.053836058320366,3,Dormant Giants (High Risk),0.262
C:\Users\ASUS\Downloads\github-recovery-codes.txt,github-recovery-codes.txt,.txt,0.201171875,2026-01-04 19:52:33.491842,2026-01-04 19:52:33.671978,2026-01-04 19:52:34.517651,5,15,15,15,19,False,0.18329764276701008,3,Dormant Giants (High Risk),0.021
C:\Users\ASUS\Downloads\Govt_documents.pdf,Govt_documents.pdf,.pdf,419.72265625,2025-08-22 00:11:44.496862,2025-08-22 00:11:45.952870,2025-12-14 16:35:35.456422,5,151,151,37,0,True,6.041973842842638,1,Active Workspace,0.194
C:\Users\ASUS\Downloads\gtk3-runtime-3.24.31-2022-01-04-ts-win64.exe,gtk3-runtime-3.24.31-2022-01-04-ts-win64.exe,.exe,47855.4921875,2025-09-23 14:50:34.787923,2025-09-23 14:51:03.408357,2026-01-19 19:15:11.302459,5,119,119,0,14,True,10.775962065577373,3,Dormant Giants (High Risk),0.255
C:\Users\ASUS\Downloads\Habit_Report_2026.pdf,Habit_Report_2026.pdf,.pdf,60.8095703125,2026-01-09 07:02:07.431978,2026-01-09 07:30:37.835002,2026-01-09 20:44:03.108700,5,11,11,10,7,False,4.124058211899729,3,Dormant Giants (High Risk),0.103
C:\Users\ASUS\Downloads\images-removebg-preview.png,images-removebg-preview.png,.png,18.302734375,2025-07-28 17:50:47.286633,2025-07-28 17:50:47.816228,2025-12-14 16:35:35.477954,5,176,176,37,17,True,2.9602467633366762,1,Active Workspace,0.129
C:\Users\ASUS\Downloads\images.jpg,images.jpg,.jpg,5.16796875,2025-11-02 22:38:29.701767,2025-11-02 22:38:29.894153,2026-01-19 19:23:05.236154,5,78,78,0,22,False,1.8193695697760797,3,Dormant Giants (High Risk),0.05
C:\Users\ASUS\Downloads\images.png,images.png,.png,2.7060546875,2025-07-28 09:08:22.471298,2025-07-28 09:08:22.993351,2025-12-14 16:35:35.497543,5,176,176,37,9,True,1.309967884230277,1,Active Workspace,0.092
C:\Users\ASUS\Downloads\IMG-20251102-WA0012.jpg,IMG-20251102-WA0012.jpg,.jpg,197.966796875,2025-11-02 22:59:06.550170,2025-11-02 22:54:07.523241,2026-01-19 19:17:00.794875,5,78,78,0,22,False,5.293137960929132,3,Dormant Giants (High Risk),0.127
C:\Users\ASUS\Downloads\IMG-20251102-WA0013.jpg,IMG-20251102-WA0013.jpg,.jpg,138.0673828125,2025-11-02 22:59:06.550170,2025-11-02 22:54:07.670706,2026-01-19 19:16:59.856450,5,78,78,0,22,False,4.934958584103685,3,Dormant Giants (High Risk),0.119
C:\Users\ASUS\Downloads\IMG-20251102-WA0014.jpg,IMG-20251102-WA0014.jpg,.jpg,377.67578125,2025-11-02 22:59:06.586238,2025-11-02 22:54:07.671845,2026-01-19 19:16:58.942207,5,78,78,0,22,False,5.936680380525769,3,Dormant Giants (High Risk),0.141
C:\Users\ASUS\Downloads\IMG-20251102-WA0015.jpg,IMG-20251102-WA0015.jpg,.jpg,252.8232421875,2025-11-02 22:59:06.551443,2025-11-02 22:54:07.818590,2026-01-19 19:16:58.935210,5,78,78,0,22,False,5.536638127870289,3,Dormant Giants (High Risk),0.133
C:\Users\ASUS\Downloads\IMG-20251102-WA0016.jpg,IMG-20251102-WA0016.jpg,.jpg,379.9873046875,2025-11-02 22:59:06.586238,2025-11-02 22:54:07.965348,2026-01-19 19:16:55.974839,5,78,78,0,22,False,5.94276605354136,3,Dormant Giants (High Risk),0.142
C:\Users\ASUS\Downloads\IMG-20251102-WA0017.jpg,IMG-20251102-WA0017.jpg,.jpg,181.1044921875,2025-11-02 22:59:06.587667,2025-11-02 22:54:08.120472,2026-01-19 19:16:58.851491,5,78,78,0,22,False,5.204580655223911,3,Dormant Giants (High Risk),0.125
C:\Users\ASUS\Downloads\IMG-20251102-WA0018.jpg,IMG-20251102-WA0018.jpg,.jpg,133.26953125,2025-11-02 22:59:06.586238,2025-11-02 22:54:08.281319,2026-01-19 19:16:58.940209,5,78,78,0,22,False,4.899849206978501,3,Dormant Giants (High Risk),0.118
C:\Users\ASUS\Downloads\IMG-20251102-WA0019.jpg,IMG-20251102-WA0019.jpg,.jpg,209.5302734375,2025-11-02 22:59:06.551443,2025-11-02 22:54:08.442269,2026-01-19 19:17:00.774555,5,78,78,0,22,False,5.349629459587017,3,Dormant Giants (High Risk),0.128
C:\Users\ASUS\Downloads\IMG-20251102-WA0020.jpg,IMG-20251102-WA0020.jpg,.jpg,140.0546875,2025-11-02 22:59:06.580550,2025-11-02 22:54:08.598751,2026-01-19 19:17:00.793937,5,78,78,0,22,False,4.949147669791941,3,Dormant Giants (High Risk),0.119
C:\Users\ASUS\Downloads\IMG-20251102-WA0021.jpg,IMG-20251102-WA0021.jpg,.jpg,154.708984375,2025-11-02 22:59:06.552441,2025-11-02 22:54:08.746061,2026-01-19 19:17:01.724311,5,78,78,0,22,False,5.047988780290156,3,Dormant Giants (High Risk),0.122
C:\Users\ASUS\Downloads\IMG-20251102-WA0022.jpg,IMG-20251102-WA0022.jpg,.jpg,157.05859375,2025-11-02 22:59:06.552441,2025-11-02 22:54:08.892464,2026-01-19 19:20:53.123636,5,78,78,0,22,False,5.06296581079938,3,Dormant Giants (High Risk),0.122
C:\Users\ASUS\Downloads\IMG-20251102-WA0023.jpg,IMG-20251102-WA0023.jpg,.jpg,380.1337890625,2025-11-02 22:59:06.587667,2025-11-02 22:54:09.196209,2026-01-19 19:23:00.121292,5,78,78,0,22,False,5.943150465882141,3,Dormant Giants (High Risk),0.142
C:\Users\ASUS\Downloads\IMG-20251102-WA0024.jpg,IMG-20251102-WA0024.jpg,.jpg,157.2548828125,2025-11-02 22:59:06.550170,2025-11-02 22:54:09.348376,2026-01-19 19:20:52.376270,5,78,78,0,22,False,5.06420691560357,3,Dormant Giants (High Risk),0.122
C:\Users\ASUS\Downloads\IMG-20251102-WA0026.jpg,IMG-20251102-WA0026.jpg,.jpg,376.30859375,2025-11-02 22:59:06.587667,2025-11-02 22:54:09.349376,2026-01-19 19:20:48.720222,5,78,78,0,22,False,5.933063403678804,3,Dormant Giants (High Risk),0.141
C:\Users\ASUS\Downloads\IMG-20251102-WA0028.jpg,IMG-20251102-WA0028.jpg,.jpg,250.4736328125,2025-11-02 22:59:06.551443,2025-11-02 22:54:09.836252,2025-12-14 16:35:35.598645,5,78,78,37,22,False,5.527338144331997,1,Active Workspace,0.172
C:\Users\ASUS\Downloads\index_no_menu.html,index_no_menu.html,.html,32.5693359375,2025-08-09 08:14:07.759443,2025-08-09 08:14:25.777283,2025-12-14 16:35:35.617696,5,164,164,37,8,True,3.513613029369419,1,Active Workspace,0.14
C:\Users\ASUS\Downloads\index_updated.html,index_updated.html,.html,33.427734375,2025-08-09 08:07:45.174554,2025-08-09 08:08:22.783215,2025-12-14 16:35:35.617696,5,164,164,37,8,True,3.5388624713804457,1,Active Workspace,0.14
C:\Users\ASUS\Downloads\jdk-11.0.29_windows-x64_bin.exe,jdk-11.0.29_windows-x64_bin.exe,.exe,145349.671875,2025-11-26 09:15:30.676674,2025-11-26 09:16:05.551080,2026-01-20 18:21:07.565363,5,55,55,0,9,False,11.88690452843936,3,Dormant Giants (High Risk),0.27
C:\Users\ASUS\Downloads\Make it concise and 1 page resume.docx,Make it concise and 1 page resume.docx,.docx,5728.09765625,2025-08-22 18:07:34.914343,2025-08-22 18:28:51.416221,2026-01-19 19:26:01.104917,5,151,151,0,18,True,8.653313320213725,3,Dormant Giants (High Risk),0.212
C:\Users\ASUS\Downloads\Manotosh Mandal_AI_APPRECIATE_BADGE.png,Manotosh Mandal_AI_APPRECIATE_BADGE.png,.png,808.033203125,2025-08-09 09:17:59.125297,2025-08-09 09:17:59.602404,2025-12-24 09:11:54.664739,5,164,164,27,9,True,6.695839958397991,1,Active Workspace,0.199
C:\Users\ASUS\Downloads\Manotosh Mandal_AI_APPRECIATE_CERTIFICATE.png,Manotosh Mandal_AI_APPRECIATE_CERTIFICATE.png,.png,1005.2138671875,2025-08-09 09:18:05.472625,2025-08-09 09:18:05.953744,2025-12-14 16:35:36.013669,5,164,164,37,9,True,6.913949919702959,1,Active Workspace,0.215
C:\Users\ASUS\Downloads\Manotosh Mandal_AI_AWARE_BADGE.png,Manotosh Mandal_AI_AWARE_BADGE.png,.png,795.12890625,2025-08-09 09:17:39.639336,2025-08-09 09:17:40.195060,2025-12-14 16:35:36.025984,5,164,164,37,9,True,6.679761115258233,1,Active Workspace,0.21
C:\Users\ASUS\Downloads\Manotosh Mandal_AI_AWARE_CERTIFICATE.png,Manotosh Mandal_AI_AWARE_CERTIFICATE.png,.png,1013.05078125,2025-08-09 09:17:47.045828,2025-08-09 09:17:47.508898,2025-12-14 16:35:36.035513,5,164,164,37,9,True,6.921708263025366,1,Active Workspace,0.215
C:\Users\ASUS\Downloads\merged_academic_documents.pdf,merged_academic_documents.pdf,.pdf,1568.7080078125,2025-08-22 00:07:43.562770,2025-08-22 00:07:48.398257,2025-12-14 16:35:36.136220,5,151,151,37,0,True,7.358644898760472,1,Active Workspace,0.223
C:\Users\ASUS\Downloads\mii-power.rmskin,mii-power.rmskin,.rmskin,53.998046875,2025-11-19 16:26:16.163208,2025-11-19 16:26:16.634636,2025-12-14 16:35:36.145265,5,62,62,37,16,False,4.007297673238291,1,Active Workspace,0.136
C:\Users\ASUS\Downloads\MOHITOSH MANDAL.docx,MOHITOSH MANDAL.docx,.docx,16.7822265625,2025-07-26 23:09:50.901923,2025-07-29 10:26:13.561450,2026-01-19 19:26:01.051017,5,175,177,0,23,True,2.87819945073239,3,Dormant Giants (High Risk),0.087
C:\Users\ASUS\Downloads\mond.rmskin,mond.rmskin,.rmskin,1926.90625,2025-11-19 16:25:51.219124,2025-11-19 16:25:54.279153,2025-12-14 16:35:37.526177,5,62,62,37,16,False,7.56418984846956,1,Active Workspace,0.215
C:\Users\ASUS\Downloads\mongodb-windows-x86_64-8.0.10-signed.msi,mongodb-windows-x86_64-8.0.10-signed.msi,.msi,739836.0,2025-06-08 08:32:11.397037,2025-06-08 08:32:52.279155,2025-12-14 16:47:56.910514,5,226,226,37,8,True,13.514185170647023,1,Active Workspace,0.37
C:\Users\ASUS\Downloads\mongosh-2.5.2-x64.msi,mongosh-2.5.2-x64.msi,.msi,48648.0,2025-06-08 08:38:12.408932,2025-06-08 08:38:14.896630,2025-12-14 16:35:40.068488,5,226,226,37,8,True,10.79238653241831,1,Active Workspace,0.31
C:\Users\ASUS\Downloads\Monterey_1.0.2.rmskin,Monterey_1.0.2.rmskin,.rmskin,6750.9189453125,2025-11-19 16:26:58.724706,2025-11-19 16:27:06.233123,2025-12-14 16:35:40.640974,5,62,62,37,16,False,8.817582031658787,1,Active Workspace,0.243
C:\Users\ASUS\Downloads\My address.docx,My address.docx,.docx,12.34375,2025-07-29 08:15:52.482869,2025-08-03 19:33:24.119366,2026-01-19 19:26:01.035437,5,169,175,0,8,True,2.591048110428898,3,Dormant Giants (High Risk),0.08
C:\Users\ASUS\Downloads\My address.pdf,My address.pdf,.pdf,51.654296875,2025-07-26 22:47:08.175466,2025-07-26 22:47:08.446677,2025-12-14 16:35:36.370292,5,177,177,37,22,True,3.96374784731068,1,Active Workspace,0.151
C:\Users\ASUS\Downloads\MyResume2.docx,MyResume2.docx,.docx,22.126953125,2025-11-02 13:48:13.830730,2025-11-02 13:48:14.405854,2026-01-19 19:26:04.346626,5,79,79,0,13,False,3.140998739291449,3,Dormant Giants (High Risk),0.08
C:\Users\ASUS\Downloads\My_QR_Code_1-1024.jpeg,My_QR_Code_1-1024.jpeg,.jpeg,72.5458984375,2025-09-13 12:44:37.233193,2025-09-13 12:44:37.698446,2026-01-19 19:23:05.706568,5,129,129,0,12,True,4.297909679856864,3,Dormant Giants (High Risk),0.112
C:\Users\ASUS\Downloads\New Text Document.txt,New Text Document.txt,.txt,0.0,2025-07-18 20:59:08.016596,2025-07-18 20:59:08.016596,2025-07-18 20:59:08.016596,5,185,185,185,20,True,0.0,1,Active Workspace,0.225
C:\Users\ASUS\Downloads\node-v22.19.0-x64.msi,node-v22.19.0-x64.msi,.msi,30640.0,2025-09-23 10:52:15.279949,2025-09-23 10:53:13.014587,2025-12-14 16:48:01.429456,5,119,119,37,10,True,10.330094260397669,1,Active Workspace,0.285
C:\Users\ASUS\Downloads\OllamaSetup.exe,OllamaSetup.exe,.exe,715285.3515625,2025-07-20 10:02:58.832961,2025-07-20 10:03:50.758365,2026-01-19 19:15:11.632634,5,184,184,0,10,True,13.480438233196555,3,Dormant Giants (High Risk),0.324
C:\Users\ASUS\Downloads\Pdffiller-SaveAs-101256.zip,Pdffiller-SaveAs-101256.zip,.zip,3675.2138671875,2025-07-27 19:43:05.797961,2025-07-27 19:43:36.075834,2025-12-14 16:35:38.496725,5,176,176,37,19,True,8.20963866110518,1,Active Workspace,0.246
C:\Users\ASUS\Downloads\Pdffiller-SaveAs-102856.zip,Pdffiller-SaveAs-102856.zip,.zip,3682.7783203125,2025-07-27 19:59:09.008689,2025-07-27 20:00:12.462088,2025-12-14 16:35:38.555460,5,176,176,37,19,True,8.211694221925304,1,Active Workspace,0.246
C:\Users\ASUS\Downloads\Pi7_images-removebg-preview.png,Pi7_images-removebg-preview.png,.png,18.1845703125,2025-07-28 18:00:50.445726,2025-07-28 18:00:50.889567,2025-12-14 16:35:38.565482,5,176,176,37,18,True,2.954106326393107,1,Active Workspace,0.129
C:\Users\ASUS\Downloads\plated-howl-466401-c6-7940777f7af7.json,plated-howl-466401-c6-7940777f7af7.json,.json,2.3447265625,2025-08-05 12:16:45.218141,2025-08-05 12:16:46.677507,2025-12-14 16:35:38.574510,5,168,168,37,12,True,1.2073849450968726,1,Active Workspace,0.089
C:\Users\ASUS\Downloads\pngtree-isolated-blue-plastic-bottle-png-image_11585849.png,pngtree-isolated-blue-plastic-bottle-png-image_11585849.png,.png,67.68359375,2025-09-09 19:36:07.024512,2025-09-09 19:36:07.466209,2026-01-19 19:23:06.016722,5,132,132,0,19,True,4.229510360664976,3,Dormant Giants (High Risk),0.111
C:\Users\ASUS\Downloads\portfolio_ajax_project.zip,portfolio_ajax_project.zip,.zip,2.482421875,2025-07-30 12:56:46.500130,2025-07-30 12:56:59.429189,2025-12-14 16:35:38.596416,5,174,174,37,12,True,1.2477279928236327,1,Active Workspace,0.091
C:\Users\ASUS\Downloads\portfolio_contact_django.zip,portfolio_contact_django.zip,.zip,16.740234375,2025-08-20 11:24:40.154241,2025-08-20 11:24:42.463735,2025-12-14 16:35:38.735999,5,153,153,37,11,True,2.875835188462706,1,Active Workspace,0.124
C:\Users\ASUS\Downloads\portfolio_site.zip,portfolio_site.zip,.zip,16.1689453125,2025-08-20 14:23:21.627466,2025-08-20 14:23:26.926486,2025-12-14 16:35:38.747036,5,153,153,37,14,True,2.8431022468433365,1,Active Workspace,0.123
C:\Users\ASUS\Downloads\Rainmeter-4.5.23.exe,Rainmeter-4.5.23.exe,.exe,2492.421875,2025-11-19 16:19:26.121006,2025-11-19 16:19:26.803854,2026-01-20 18:21:07.556727,5,62,62,0,16,False,7.821411293033536,3,Dormant Giants (High Risk),0.181
C:\Users\ASUS\Downloads\RescueTimeInstaller_X.exe,RescueTimeInstaller_X.exe,.exe,23541.9296875,2025-12-17 17:38:44.210673,2025-12-17 17:38:55.433768,2026-01-20 18:21:08.883202,5,34,34,0,17,False,10.066580828783977,3,Dormant Giants (High Risk),0.227
C:\Users\ASUS\Downloads\Resume.pdf,Resume.pdf,.pdf,103.3681640625,2025-08-22 18:22:58.105947,2025-08-22 18:29:02.358432,2025-12-14 16:35:38.860548,5,151,151,37,18,True,4.647924687014217,1,Active Workspace,0.163
C:\Users\ASUS\Downloads\rufus-4.11.exe,rufus-4.11.exe,.exe,1891.3515625,2025-10-22 12:18:16.284851,2025-10-22 12:18:17.572469,2026-01-19 19:15:11.298077,5,90,90,0,12,True,7.545575547625145,3,Dormant Giants (High Risk),0.179
C:\Users\ASUS\Downloads\rufus-4.9.exe,rufus-4.9.exe,.exe,2053.3515625,2025-09-22 20:23:11.069288,2025-09-22 20:23:17.206651,2026-01-19 19:15:11.328146,5,119,119,0,20,True,7.627715535774154,3,Dormant Giants (High Risk),0.185
C:\Users\ASUS\Downloads\SCHOOL_SEARCH_GUIDE.pdf,SCHOOL_SEARCH_GUIDE.pdf,.pdf,1514.7294921875,2025-07-24 19:28:14.918586,2025-07-24 19:28:43.094876,2025-12-14 16:35:38.922691,5,179,179,37,19,True,7.323652115048337,1,Active Workspace,0.226
C:\Users\ASUS\Downloads\SCPH1001.BIN,SCPH1001.BIN,.bin,512.0,2025-12-10 12:02:55.135227,2025-12-10 12:02:55.899872,2025-12-14 16:35:38.935776,5,41,41,37,12,False,6.240275845170769,1,Active Workspace,0.183
C:\Users\ASUS\Downloads\SE infosys.pdf,SE infosys.pdf,.pdf,224.228515625,2025-10-08 02:16:06.597511,2025-10-08 02:16:07.037688,2025-12-14 16:35:38.963381,5,104,104,37,2,True,5.417115511806288,1,Active Workspace,0.174
C:\Users\ASUS\Downloads\sejda-desktop_7.8.8_x64.msi,sejda-desktop_7.8.8_x64.msi,.msi,292604.0,2025-08-19 07:53:00.743820,2025-08-19 07:53:30.621897,2025-12-22 12:51:15.865220,5,154,154,29,7,True,12.586578855597143,1,Active Workspace,0.331
C:\Users\ASUS\Downloads\SIH2025-IDEA-Presentation-Format[1].pptx,SIH2025-IDEA-Presentation-Format[1].pptx,.pptx,269.2490234375,2025-09-19 18:08:16.975882,2025-09-19 18:08:17.011237,2025-12-14 16:35:39.490459,5,123,123,37,18,True,5.599343842960522,1,Active Workspace,0.18
C:\Users\ASUS\Downloads\Size Estimator.docx,Size Estimator.docx,.docx,2156.34765625,2025-11-16 09:42:54.947440,2025-11-17 10:50:45.918499,2026-01-20 18:21:24.882548,5,64,65,0,9,False,7.676634809224631,3,Dormant Giants (High Risk),0.178
C:\Users\ASUS\Downloads\super store sales.zip,super store sales.zip,.zip,722.2138671875,2025-08-24 09:14:48.106528,2025-08-24 09:14:49.561238,2025-12-14 16:35:39.720407,5,149,149,37,9,True,6.58370498365561,1,Active Workspace,0.206
C:\Users\ASUS\Downloads\Superhack 2025 IDEA SUBMISSION.pptx,Superhack 2025 IDEA SUBMISSION.pptx,.pptx,3329.98046875,2025-08-23 18:20:17.631381,2025-08-23 18:20:20.854718,2026-01-19 19:26:01.092933,5,150,150,0,18,True,8.111021974697055,3,Dormant Giants (High Risk),0.2
C:\Users\ASUS\Downloads\TableauPublicDesktop-64bit-2025-3-1.exe,TableauPublicDesktop-64bit-2025-3-1.exe,.exe,604159.625,2026-01-09 21:06:22.778425,2026-01-09 21:06:47.735715,2026-01-20 18:21:07.504302,5,10,10,0,21,False,13.311595376992857,3,Dormant Giants (High Risk),0.296
C:\Users\ASUS\Downloads\techcode.xlsx,techcode.xlsx,.xlsx,20.029296875,2025-10-24 06:08:46.387482,2025-10-24 06:08:48.124167,2026-01-19 19:26:04.361627,5,88,88,0,6,False,3.045916554776209,3,Dormant Giants (High Risk),0.079
C:\Users\ASUS\Downloads\TrafficMonitor_V1.84.1_x64.zip,TrafficMonitor_V1.84.1_x64.zip,.zip,1134.099609375,2025-08-27 19:39:46.162667,2025-08-27 19:39:48.453622,2025-12-14 16:35:41.993591,5,145,145,37,19,True,7.034475687628559,1,Active Workspace,0.215
C:\Users\ASUS\Downloads\TrafficMonitor_V1.85.1_x64.zip,TrafficMonitor_V1.85.1_x64.zip,.zip,1340.33984375,2025-08-27 19:41:26.037172,2025-08-27 19:41:29.009069,2025-12-14 16:35:41.643050,5,145,145,37,19,True,7.2014242767900445,1,Active Workspace,0.219
C:\Users\ASUS\Downloads\Upgrade my resume for 8 or 9 I'm giving you the d....docx,Upgrade my resume for 8 or 9 I'm giving you the d....docx,.docx,6050.2490234375,2025-08-22 18:04:39.270185,2025-08-22 18:04:42.296750,2026-01-19 19:26:01.114929,5,151,151,0,18,True,8.708019979871946,3,Dormant Giants (High Risk),0.213
C:\Users\ASUS\Downloads\VSCodeUserSetup-x64-1.101.2.exe,VSCodeUserSetup-x64-1.101.2.exe,.exe,108708.8984375,2025-06-26 10:28:29.773369,2025-06-26 10:28:37.578843,2026-01-19 19:15:11.638950,5,208,208,0,10,True,11.59643813094593,3,Dormant Giants (High Risk),0.285
C:\Users\ASUS\Downloads\VSCodeUserSetup-x64-1.103.1.exe,VSCodeUserSetup-x64-1.103.1.exe,.exe,112202.6875,2025-08-18 22:43:20.087730,2025-08-18 22:44:00.362632,2026-01-19 19:15:11.581783,5,154,154,0,22,True,11.628071136949572,3,Dormant Giants (High Risk),0.278
C:\Users\ASUS\Downloads\VTU Result 2024.pdf,VTU Result 2024.pdf,.pdf,340.7314453125,2025-08-22 00:02:35.024662,2025-08-22 00:02:07.624140,2025-12-14 16:35:41.780446,5,151,151,37,0,True,5.8340251809699275,1,Active Workspace,0.189
C:\Users\ASUS\Downloads\VTU Result 2025.pdf,VTU Result 2025.pdf,.pdf,341.71875,2025-08-22 00:02:40.909429,2025-08-22 00:02:07.625131,2025-12-14 16:35:41.802166,5,151,151,37,0,True,5.836910139960482,1,Active Workspace,0.189
C:\Users\ASUS\Downloads\WA_Fn-UseC_-Telco-Customer-Churn.csv,WA_Fn-UseC_-Telco-Customer-Churn.csv,.csv,954.5908203125,2025-08-25 19:13:59.580652,2025-08-25 19:14:00.107466,2025-12-14 16:35:41.815991,5,147,147,37,19,True,6.862329809202605,1,Active Workspace,0.212
C:\Users\ASUS\Downloads\WhatsApp Image 2025-07-27 at 08.30.07_978b6b4e.pdf,WhatsApp Image 2025-07-27 at 08.30.07_978b6b4e.pdf,.pdf,522.744140625,2025-07-27 19:42:41.701827,2025-07-27 19:42:41.882661,2025-12-24 09:13:45.288858,5,176,176,27,19,True,6.261003283822934,1,Active Workspace,0.191
C:\Users\ASUS\Downloads\WhatsApp Image 2025-08-22 at 00.10.24_113ef92c.jpg,WhatsApp Image 2025-08-22 at 00.10.24_113ef92c.jpg,.jpg,101.2099609375,2025-08-22 00:10:51.528169,2025-08-22 00:10:24.132182,2025-12-14 16:35:41.841588,5,151,151,37,0,True,4.627029138162064,1,Active Workspace,0.163
C:\Users\ASUS\Downloads\WhatsApp Image 2025-08-22 at 00.10.24_6fc1c811.jpg,WhatsApp Image 2025-08-22 at 00.10.24_6fc1c811.jpg,.jpg,141.6689453125,2025-08-22 00:10:44.717315,2025-08-22 00:10:23.893979,2025-12-24 09:13:50.602714,5,151,151,27,0,True,4.960526878602728,1,Active Workspace,0.159
C:\Users\ASUS\Downloads\WhatsApp Image 2025-08-22 at 00.10.25_d5652614.jpg,WhatsApp Image 2025-08-22 at 00.10.25_d5652614.jpg,.jpg,116.123046875,2025-08-22 00:10:57.877252,2025-08-22 00:10:24.942600,2025-12-24 09:13:38.967039,5,151,151,27,0,True,4.763225064859249,1,Active Workspace,0.155
C:\Users\ASUS\Downloads\WhatsApp Image 2025-09-05 at 23.19.49_48992ffe.jpg,WhatsApp Image 2025-09-05 at 23.19.49_48992ffe.jpg,.jpg,144.7626953125,2025-10-26 07:47:34.550546,2025-10-26 07:47:53.550174,2026-01-19 19:23:05.391547,5,86,86,0,7,False,4.981979924782094,3,Dormant Giants (High Risk),0.121
C:\Users\ASUS\Downloads\WhatsApp Image 2025-11-01 at 11.39.22_3e62cafd.jpg,WhatsApp Image 2025-11-01 at 11.39.22_3e62cafd.jpg,.jpg,98.2744140625,2025-11-02 22:58:57.583241,2025-11-02 22:54:07.169059,2026-01-19 19:17:00.799673,5,78,78,0,22,False,4.597887874834196,3,Dormant Giants (High Risk),0.112
C:\Users\ASUS\Downloads\WhatsApp Image 2025-11-17 at 10.15.04_3cc575e5.jpg,WhatsApp Image 2025-11-17 at 10.15.04_3cc575e5.jpg,.jpg,29.5595703125,2025-11-17 10:15:16.367309,2025-11-17 10:15:05.677185,2026-01-19 19:20:50.962892,5,64,64,0,10,False,3.4196779037446277,3,Dormant Giants (High Risk),0.084
C:\Users\ASUS\Downloads\WhatsApp Image 2025-11-17 at 10.18.31_7e84e888.jpg,WhatsApp Image 2025-11-17 at 10.18.31_7e84e888.jpg,.jpg,47.177734375,2025-11-17 10:18:40.508765,2025-11-17 10:18:32.423988,2026-01-19 19:20:51.490823,5,64,64,0,10,False,3.8748969719008963,3,Dormant Giants (High Risk),0.094
C:\Users\ASUS\Downloads\WhatsApp Image 2025-11-17 at 10.20.36_a63c3016.jpg,WhatsApp Image 2025-11-17 at 10.20.36_a63c3016.jpg,.jpg,16.2421875,2025-11-17 10:20:43.982333,2025-11-17 10:20:37.025086,2025-12-14 16:35:41.889722,5,64,64,37,10,False,2.8473591423371194,1,Active Workspace,0.111
C:\Users\ASUS\Downloads\WhatsApp Image 2025-11-17 at 10.22.34_39c6d0cd.jpg,WhatsApp Image 2025-11-17 at 10.22.34_39c6d0cd.jpg,.jpg,13.0068359375,2025-11-17 10:22:41.488111,2025-11-17 10:22:35.280359,2025-12-14 16:35:41.897735,5,64,64,37,10,False,2.63954549169476,1,Active Workspace,0.106
C:\Users\ASUS\Downloads\WhatsApp Installer.exe,WhatsApp Installer.exe,.exe,1081.03125,2025-12-12 21:20:56.209466,2025-12-12 21:20:56.420289,2026-01-20 18:21:07.523542,5,38,38,0,21,False,6.986595340689913,3,Dormant Giants (High Risk),0.159
C:\Users\ASUS\Downloads\WhatsApp_Image_2025-07-28_at_18.06.48_20b1df33-removebg-preview.png,WhatsApp_Image_2025-07-28_at_18.06.48_20b1df33-removebg-preview.png,.png,120.033203125,2025-07-28 18:17:40.841063,2025-07-28 18:17:41.277544,2025-12-14 16:35:41.934798,5,176,176,37,18,True,4.796064913946038,1,Active Workspace,0.17
C:\Users\ASUS\Downloads\White and Grey Modern Portrait LinkedIn Profile Picture.jpg,White and Grey Modern Portrait LinkedIn Profile Picture.jpg,.jpg,51.810546875,2025-08-26 22:01:53.502294,2025-08-26 22:01:53.693140,2025-12-24 09:11:46.152889,5,146,146,27,22,True,3.966710922185012,1,Active Workspace,0.136
C:\Users\ASUS\Downloads\~$vanced Prompt Learning 1.docx,~$vanced Prompt Learning 1.docx,.docx,0.158203125,2025-08-05 20:40:51.320856,2025-08-05 20:40:51.321855,2025-12-14 16:35:41.936800,5,167,167,37,20,True,0.14686977395821768,1,Active Workspace,0.065
C:\Users\ASUS\Downloads\Agentic ai\IMG_0949.JPG,IMG_0949.JPG,.jpg,5893.5908203125,2025-11-06 22:25:38.968452,2025-11-06 10:43:36.000000,2025-12-14 16:35:41.963454,6,75,74,37,22,False,8.681790399249842,1,Active Workspace,0.242
C:\Users\ASUS\Downloads\Agentic ai\IMG_0950.JPG,IMG_0950.JPG,.jpg,5024.7392578125,2025-11-06 22:25:38.988894,2025-11-06 10:46:10.000000,2025-12-14 16:35:41.963454,6,75,74,37,22,False,8.52232783808937,1,Active Workspace,0.238
C:\Users\ASUS\Downloads\Agentic ai\IMG_0951.JPG,IMG_0951.JPG,.jpg,5136.0966796875,2025-11-06 22:25:39.008989,2025-11-06 10:46:16.000000,2025-12-14 16:35:41.973516,6,75,74,37,22,False,8.544243350552481,1,Active Workspace,0.239
C:\Users\ASUS\Downloads\Agentic ai\IMG_0952.JPG,IMG_0952.JPG,.jpg,4383.8984375,2025-11-06 22:25:39.025632,2025-11-06 10:46:26.000000,2025-12-14 16:35:41.973516,6,75,74,37,22,False,8.38592174319256,1,Active Workspace,0.235
C:\Users\ASUS\Downloads\Agentic ai\IMG_0953.JPG,IMG_0953.JPG,.jpg,4327.783203125,2025-11-06 22:25:39.043902,2025-11-06 10:46:30.000000,2025-12-14 16:35:41.982565,6,75,74,37,22,False,8.373041766059725,1,Active Workspace,0.235
C:\Users\ASUS\Downloads\Agentic ai\IMG_0954.JPG,IMG_0954.JPG,.jpg,5334.3720703125,2025-11-06 22:25:39.059651,2025-11-06 10:46:40.000000,2025-12-14 16:35:41.982565,6,75,74,37,22,False,8.582113902693445,1,Active Workspace,0.24
C:\Users\ASUS\Downloads\Agentic ai\IMG_0955.JPG,IMG_0955.JPG,.jpg,5052.2685546875,2025-11-06 22:25:39.075084,2025-11-06 10:46:44.000000,2025-12-14 16:35:41.993591,6,75,74,37,22,False,8.527790551452851,1,Active Workspace,0.239
C:\Users\ASUS\Downloads\Agentic ai\IMG_0956.JPG,IMG_0956.JPG,.jpg,4502.84375,2025-11-06 22:25:39.093037,2025-11-06 10:46:46.000000,2025-12-14 16:35:41.993591,6,75,74,37,22,False,8.412686477832331,1,Active Workspace,0.236
C:\Users\ASUS\Downloads\Agentic ai\IMG_0957.JPG,IMG_0957.JPG,.jpg,5677.412109375,2025-11-06 22:25:39.106574,2025-11-06 10:46:58.000000,2025-12-14 16:35:42.003617,6,75,74,37,22,False,8.64442691442289,1,Active Workspace,0.241
C:\Users\ASUS\Downloads\Agentic ai\IMG_0958.JPG,IMG_0958.JPG,.jpg,5908.5234375,2025-11-06 22:25:39.121543,2025-11-06 10:47:02.000000,2025-12-14 16:35:42.006617,6,75,74,37,22,False,8.68432047051601,1,Active Workspace,0.242
C:\Users\ASUS\Downloads\Agentic ai\IMG_0959.JPG,IMG_0959.JPG,.jpg,5575.3134765625,2025-11-06 22:25:39.137342,2025-11-06 10:47:10.000000,2025-12-14 16:35:42.005617,6,75,74,37,22,False,8.626283169755851,1,Active Workspace,0.241
C:\Users\ASUS\Downloads\Agentic ai\IMG_0960.JPG,IMG_0960.JPG,.jpg,5086.8359375,2025-11-06 22:25:39.153805,2025-11-06 10:47:18.000000,2025-12-14 16:35:42.015646,6,75,74,37,22,False,8.534607859511869,1,Active Workspace,0.239
C:\Users\ASUS\Downloads\Agentic ai\IMG_0961.JPG,IMG_0961.JPG,.jpg,4995.6044921875,2025-11-06 22:25:39.168623,2025-11-06 10:47:30.000000,2025-12-14 16:35:42.016647,6,75,74,37,22,False,8.516513859159822,1,Active Workspace,0.238
C:\Users\ASUS\Downloads\Agentic ai\IMG_0962.JPG,IMG_0962.JPG,.jpg,4433.6796875,2025-11-06 22:25:39.186357,2025-11-06 10:47:40.000000,2025-12-14 16:35:42.016647,6,75,74,37,22,False,8.397210668347366,1,Active Workspace,0.236
C:\Users\ASUS\Downloads\Agentic ai\IMG_0963.JPG,IMG_0963.JPG,.jpg,4202.7626953125,2025-11-06 22:25:39.202972,2025-11-06 10:47:48.000000,2025-12-14 16:35:42.015646,6,75,74,37,22,False,8.343735283046946,1,Active Workspace,0.234
C:\Users\ASUS\Downloads\Agentic ai\IMG_0964.JPG,IMG_0964.JPG,.jpg,4852.365234375,2025-11-06 22:25:39.218751,2025-11-06 10:49:28.000000,2025-12-14 16:35:42.027203,6,75,74,37,22,False,8.487427606077793,1,Active Workspace,0.238
C:\Users\ASUS\Downloads\Agentic ai\IMG_0965.JPG,IMG_0965.JPG,.jpg,6114.783203125,2025-11-06 22:25:39.237474,2025-11-06 10:49:32.000000,2025-12-14 16:35:42.026193,6,75,74,37,22,False,8.718628118926398,1,Active Workspace,0.243
C:\Users\ASUS\Downloads\Agentic ai\IMG_0966.JPG,IMG_0966.JPG,.jpg,6857.03515625,2025-11-06 22:25:39.255280,2025-11-06 10:52:02.000000,2025-12-14 16:35:42.026193,6,75,74,37,22,False,8.833176259322062,1,Active Workspace,0.245
C:\Users\ASUS\Downloads\Agentic ai\IMG_0967.JPG,IMG_0967.JPG,.jpg,6280.751953125,2025-11-06 22:25:39.273279,2025-11-06 10:52:02.000000,2025-12-14 16:35:42.026193,6,75,74,37,22,False,8.74540419398394,1,Active Workspace,0.243
C:\Users\ASUS\Downloads\Agentic ai\IMG_0968.JPG,IMG_0968.JPG,.jpg,6267.6630859375,2025-11-06 22:25:39.291652,2025-11-06 10:52:16.000000,2025-12-14 16:35:42.036248,6,75,74,37,22,False,8.743318386958098,1,Active Workspace,0.243
C:\Users\ASUS\Downloads\Agentic ai\IMG_0969.JPG,IMG_0969.JPG,.jpg,4790.48828125,2025-11-06 22:25:39.308850,2025-11-06 10:52:22.000000,2025-12-14 16:35:42.036248,6,75,74,37,22,False,8.474596348043583,1,Active Workspace,0.237
C:\Users\ASUS\Downloads\Agentic ai\IMG_0970.JPG,IMG_0970.JPG,.jpg,5325.83203125,2025-11-06 22:25:39.324289,2025-11-06 10:52:26.000000,2025-12-14 16:35:42.036248,6,75,74,37,22,False,8.580511974835487,1,Active Workspace,0.24
C:\Users\ASUS\Downloads\Agentic ai\IMG_0971.JPG,IMG_0971.JPG,.jpg,5398.8310546875,2025-11-06 22:25:39.339289,2025-11-06 10:52:44.000000,2025-12-14 16:35:42.036248,6,75,74,37,22,False,8.594122945893963,1,Active Workspace,0.24
C:\Users\ASUS\Downloads\Agentic ai\IMG_0973.JPG,IMG_0973.JPG,.jpg,5388.6953125,2025-11-06 22:25:39.356289,2025-11-06 10:52:50.000000,2026-01-19 19:23:32.527160,6,75,74,0,22,False,8.592244134012123,3,Dormant Giants (High Risk),0.2
C:\Users\ASUS\Downloads\Agentic ai\IMG_0974.JPG,IMG_0974.JPG,.jpg,5414.79296875,2025-11-06 22:25:39.371289,2025-11-06 10:53:34.000000,2025-12-14 16:35:42.046065,6,75,74,37,22,False,8.597074588002917,1,Active Workspace,0.24
C:\Users\ASUS\Downloads\Agentic ai\IMG_0975.JPG,IMG_0975.JPG,.jpg,5723.8447265625,2025-11-06 22:25:39.388290,2025-11-06 10:53:38.000000,2025-12-14 16:35:42.046065,6,75,74,37,22,False,8.652570706056816,1,Active Workspace,0.241
C:\Users\ASUS\Downloads\Agentic ai\IMG_0978.JPG,IMG_0978.JPG,.jpg,7037.4140625,2025-11-06 22:25:39.404473,2025-11-06 10:54:40.000000,2025-12-14 16:35:42.046065,6,75,74,37,22,False,8.859138148560747,1,Active Workspace,0.246
C:\Users\ASUS\Downloads\Agentic ai\IMG_1021.JPG,IMG_1021.JPG,.jpg,5881.0673828125,2025-11-06 22:25:39.423473,2025-11-06 11:39:28.000000,2025-12-14 16:35:42.057113,6,75,74,37,22,False,8.679663574813794,1,Active Workspace,0.242
C:\Users\ASUS\Downloads\Agentic ai\IMG_1022.JPG,IMG_1022.JPG,.jpg,4882.36328125,2025-11-06 22:25:39.439473,2025-11-06 11:39:44.000000,2025-12-14 16:35:42.056110,6,75,74,37,22,False,8.49358945843748,1,Active Workspace,0.238
C:\Users\ASUS\Downloads\Agentic ai\IMG_1023.JPG,IMG_1023.JPG,.jpg,4515.1484375,2025-11-06 22:25:39.454484,2025-11-06 11:39:46.000000,2025-12-14 16:35:42.056110,6,75,74,37,22,False,8.415414793972063,1,Active Workspace,0.236
C:\Users\ASUS\Downloads\Agentic ai\IMG_1024.JPG,IMG_1024.JPG,.jpg,6190.7822265625,2025-11-06 22:25:39.468576,2025-11-06 11:39:54.000000,2025-12-14 16:35:42.057113,6,75,74,37,22,False,8.730978244522284,1,Active Workspace,0.243
C:\Users\ASUS\Downloads\Agentic ai\IMG_1025.JPG,IMG_1025.JPG,.jpg,5167.9208984375,2025-11-06 22:25:39.485108,2025-11-06 11:40:08.000000,2025-12-14 16:35:42.066942,6,75,74,37,22,False,8.55041922201017,1,Active Workspace,0.239
C:\Users\ASUS\Downloads\Agentic ai\IMG_1032.JPG,IMG_1032.JPG,.jpg,5569.779296875,2025-11-06 22:25:39.500108,2025-11-06 12:16:42.000000,2025-12-14 16:35:42.067941,6,75,74,37,22,False,8.625290232807236,1,Active Workspace,0.241
C:\Users\ASUS\Downloads\Agentic ai\IMG_1037.JPG,IMG_1037.JPG,.jpg,4098.1875,2025-11-06 22:25:39.520108,2025-11-06 12:18:58.000000,2025-12-14 16:35:42.066942,6,75,74,37,22,False,8.318544062322278,1,Active Workspace,0.234
C:\Users\ASUS\Downloads\Agentic ai\IMG_1038.JPG,IMG_1038.JPG,.jpg,4231.0517578125,2025-11-06 22:25:39.538108,2025-11-06 12:19:06.000000,2025-12-14 16:35:42.067941,6,75,74,37,22,False,8.350442203570271,1,Active Workspace,0.235
C:\Users\ASUS\Downloads\Agentic ai\IMG_1039.JPG,IMG_1039.JPG,.jpg,5095.6865234375,2025-11-06 22:25:39.555108,2025-11-06 12:19:10.000000,2025-12-14 16:35:42.077466,6,75,74,37,22,False,8.536345906278312,1,Active Workspace,0.239
C:\Users\ASUS\Downloads\Agentic ai\IMG_1040.JPG,IMG_1040.JPG,.jpg,5545.857421875,2025-11-06 22:25:39.572109,2025-11-06 12:19:14.000000,2025-12-14 16:35:42.077466,6,75,74,37,22,False,8.620986816078775,1,Active Workspace,0.241
C:\Users\ASUS\Downloads\Agentic ai\IMG_1041.JPG,IMG_1041.JPG,.jpg,4895.048828125,2025-11-06 22:25:39.588176,2025-11-06 12:19:18.000000,2025-12-14 16:35:42.077466,6,75,74,37,22,False,8.496183797207179,1,Active Workspace,0.238
C:\Users\ASUS\Downloads\Agentic ai\IMG_1042.JPG,IMG_1042.JPG,.jpg,4732.8935546875,2025-11-06 22:25:39.605550,2025-11-06 12:19:36.000000,2025-12-14 16:35:42.077466,6,75,74,37,22,False,8.46250330454177,1,Active Workspace,0.237
C:\Users\ASUS\Downloads\Agentic ai\IMG_1043.JPG,IMG_1043.JPG,.jpg,5055.70703125,2025-11-06 22:25:39.622549,2025-11-06 12:19:44.000000,2025-12-14 16:35:42.087527,6,75,74,37,22,False,8.528470766091521,1,Active Workspace,0.239
C:\Users\ASUS\Downloads\Agentic ai\IMG_1044.JPG,IMG_1044.JPG,.jpg,4608.0234375,2025-11-06 22:25:39.636549,2025-11-06 12:19:54.000000,2025-12-14 16:35:42.088537,6,75,74,37,22,False,8.43577127786705,1,Active Workspace,0.236
C:\Users\ASUS\Downloads\Agentic ai\IMG_1045.JPG,IMG_1045.JPG,.jpg,4636.9501953125,2025-11-06 22:25:39.653626,2025-11-06 12:19:54.000000,2025-12-14 16:35:42.087527,6,75,74,37,22,False,8.442027779360343,1,Active Workspace,0.237
C:\Users\ASUS\Downloads\Agentic ai\IMG_1046.JPG,IMG_1046.JPG,.jpg,4235.7607421875,2025-11-06 22:25:39.669391,2025-11-06 12:20:26.000000,2025-12-14 16:35:42.087527,6,75,74,37,22,False,8.351554280348523,1,Active Workspace,0.235
C:\Users\ASUS\Downloads\Agentic ai\IMG_1047.JPG,IMG_1047.JPG,.jpg,6454.1474609375,2025-11-06 22:25:39.709071,2025-11-06 12:20:36.000000,2025-12-14 16:35:42.098567,6,75,74,37,22,False,8.772633147471787,1,Active Workspace,0.244
C:\Users\ASUS\Downloads\Agentic ai\IMG_1048.JPG,IMG_1048.JPG,.jpg,6745.90234375,2025-11-06 22:25:39.726613,2025-11-06 12:20:38.000000,2025-12-14 16:35:42.098567,6,75,74,37,22,False,8.816838766497183,1,Active Workspace,0.245
C:\Users\ASUS\Downloads\Agentic ai\IMG_1049.JPG,IMG_1049.JPG,.jpg,5584.529296875,2025-11-06 22:25:39.744728,2025-11-06 12:21:08.000000,2025-12-14 16:35:42.098567,6,75,74,37,22,False,8.627934478163203,1,Active Workspace,0.241
C:\Users\ASUS\Downloads\Agentic ai\IMG_1050.JPG,IMG_1050.JPG,.jpg,5270.5703125,2025-11-06 22:25:39.761343,2025-11-06 12:21:10.000000,2025-12-14 16:35:42.099587,6,75,74,37,22,False,8.57008356916195,1,Active Workspace,0.239
C:\Users\ASUS\Downloads\Agentic ai\IMG_1051.JPG,IMG_1051.JPG,.jpg,5134.79296875,2025-11-06 22:25:39.776599,2025-11-06 12:21:10.000000,2025-12-14 16:35:42.109614,6,75,74,37,22,False,8.543989534734514,1,Active Workspace,0.239
C:\Users\ASUS\Downloads\Agentic ai\IMG_1052.JPG,IMG_1052.JPG,.jpg,4138.9833984375,2025-11-06 22:25:39.794487,2025-11-06 12:21:40.000000,2025-12-14 16:35:42.110622,6,75,74,37,22,False,8.328447056772069,1,Active Workspace,0.234
C:\Users\ASUS\Downloads\Agentic ai\IMG_1053.JPG,IMG_1053.JPG,.jpg,4643.00390625,2025-11-06 22:25:39.810093,2025-11-06 12:21:42.000000,2025-12-14 16:35:42.109614,6,75,74,37,22,False,8.443332183956533,1,Active Workspace,0.237
C:\Users\ASUS\Downloads\Agentic ai\IMG_1054.JPG,IMG_1054.JPG,.jpg,5017.9453125,2025-11-06 22:25:39.832844,2025-11-06 12:21:46.000000,2025-12-14 16:35:42.112635,6,75,74,37,22,False,8.52097509350073,1,Active Workspace,0.238
C:\Users\ASUS\Downloads\Agentic ai\IMG_1055.JPG,IMG_1055.JPG,.jpg,5186.0478515625,2025-11-06 22:25:39.850332,2025-11-06 12:21:52.000000,2025-12-14 16:35:42.120457,6,75,74,37,22,False,8.553919999595623,1,Active Workspace,0.239
C:\Users\ASUS\Downloads\Agentic ai\IMG_1056.JPG,IMG_1056.JPG,.jpg,5473.916015625,2025-11-06 22:25:39.867683,2025-11-06 12:24:38.000000,2025-12-14 16:35:42.120457,6,75,74,37,22,False,8.607932214955177,1,Active Workspace,0.24
C:\Users\ASUS\Downloads\Agentic ai\IMG_1057.JPG,IMG_1057.JPG,.jpg,6269.87109375,2025-11-06 22:25:39.883319,2025-11-06 12:24:48.000000,2025-12-14 16:35:42.124662,6,75,74,37,22,False,8.743670554399676,1,Active Workspace,0.243
C:\Users\ASUS\Downloads\Agentic ai\IMG_1069.JPG,IMG_1069.JPG,.jpg,4676.43359375,2025-11-06 22:25:39.908355,2025-11-06 12:41:52.000000,2025-12-14 16:35:42.126164,6,75,74,37,22,False,8.450504861093966,1,Active Workspace,0.237
C:\Users\ASUS\Downloads\Agentic ai\IMG_1070.JPG,IMG_1070.JPG,.jpg,4581.1640625,2025-11-06 22:25:41.615819,2025-11-06 12:43:14.000000,2025-12-14 16:35:42.131011,6,75,74,37,22,False,8.429926668243224,1,Active Workspace,0.236
C:\Users\ASUS\Downloads\Agentic ai\IMG_1071.JPG,IMG_1071.JPG,.jpg,4813.3349609375,2025-11-06 22:25:41.775535,2025-11-06 12:43:18.000000,2026-01-19 19:25:59.175445,6,75,74,0,22,False,8.479353196507672,3,Dormant Giants (High Risk),0.197
C:\Users\ASUS\Downloads\Agentic ai\IMG_1072.JPG,IMG_1072.JPG,.jpg,5033.9921875,2025-11-06 22:25:41.923663,2025-11-06 12:43:36.000000,2025-12-14 16:35:42.136024,6,75,74,37,22,False,8.524167253512928,1,Active Workspace,0.238
C:\Users\ASUS\Downloads\Agentic ai\IMG_1073.JPG,IMG_1073.JPG,.jpg,5542.02734375,2025-11-06 22:25:42.082038,2025-11-06 12:43:38.000000,2025-12-14 16:35:42.138023,6,75,74,37,22,False,8.62029608243127,1,Active Workspace,0.241
C:\Users\ASUS\Downloads\Agentic ai\IMG_1074.JPG,IMG_1074.JPG,.jpg,5956.3740234375,2025-11-06 22:25:42.948545,2025-11-06 12:44:58.000000,2025-12-14 16:35:42.141551,6,75,74,37,22,False,8.692385062872274,1,Active Workspace,0.242
C:\Users\ASUS\Downloads\Agentic ai\IMG_1075.JPG,IMG_1075.JPG,.jpg,6130.2998046875,2025-11-06 22:25:42.998378,2025-11-06 12:45:00.000000,2025-12-14 16:35:42.140541,6,75,74,37,22,False,8.721162046369367,1,Active Workspace,0.243
C:\Users\ASUS\Downloads\Agentic ai\IMG_1076.JPG,IMG_1076.JPG,.jpg,5438.6875,2025-11-06 22:25:43.015839,2025-11-06 12:46:40.000000,2025-12-14 16:35:42.148550,6,75,74,37,22,False,8.601476893347028,1,Active Workspace,0.24
C:\Users\ASUS\Downloads\Agentic ai\IMG_1077.JPG,IMG_1077.JPG,.jpg,5318.865234375,2025-11-06 22:25:43.035141,2025-11-06 12:49:58.000000,2025-12-14 16:35:42.150375,6,75,74,37,22,False,8.579203250130433,1,Active Workspace,0.24
C:\Users\ASUS\Downloads\Agentic ai\IMG_1078.JPG,IMG_1078.JPG,.jpg,4139.517578125,2025-11-06 22:25:43.078825,2025-11-06 12:50:28.000000,2025-12-14 16:35:42.149567,6,75,74,37,22,False,8.328576077875926,1,Active Workspace,0.234
C:\Users\ASUS\Downloads\Agentic ai\IMG_1079.JPG,IMG_1079.JPG,.jpg,4838.4345703125,2025-11-06 22:25:43.094360,2025-11-06 12:50:32.000000,2025-12-14 16:35:42.149567,6,75,74,37,22,False,8.484553168570587,1,Active Workspace,0.238
C:\Users\ASUS\Downloads\Agentic ai\IMG_1080.JPG,IMG_1080.JPG,.jpg,5698.4609375,2025-11-06 22:25:43.147211,2025-11-06 12:53:46.000000,2025-12-14 16:35:42.160460,6,75,74,37,22,False,8.648126876981973,1,Active Workspace,0.241
C:\Users\ASUS\Downloads\Agentic ai\IMG_1081.JPG,IMG_1081.JPG,.jpg,5537.1435546875,2025-11-06 22:25:43.195504,2025-11-06 12:53:48.000000,2025-12-14 16:35:42.160460,6,75,74,37,22,False,8.619414625151444,1,Active Workspace,0.241
C:\Users\ASUS\Downloads\Agentic ai\IMG_1082.JPG,IMG_1082.JPG,.jpg,5901.1728515625,2025-11-06 22:25:43.235341,2025-11-06 12:53:50.000000,2025-12-14 16:35:42.160460,6,75,74,37,22,False,8.683075842021251,1,Active Workspace,0.242
C:\Users\ASUS\Downloads\Agentic ai\IMG_1083.JPG,IMG_1083.JPG,.jpg,5756.32421875,2025-11-06 22:25:43.325079,2025-11-06 12:57:34.000000,2025-12-14 16:35:42.166609,6,75,74,37,22,False,8.658228100399413,1,Active Workspace,0.241
C:\Users\ASUS\Downloads\Agentic ai\IMG_1084.JPG,IMG_1084.JPG,.jpg,5341.08203125,2025-11-06 22:25:43.340205,2025-11-06 12:57:36.000000,2025-12-14 16:35:42.169627,6,75,74,37,22,False,8.583370749458034,1,Active Workspace,0.24
C:\Users\ASUS\Downloads\Agentic ai\IMG_1085.JPG,IMG_1085.JPG,.jpg,4192.1357421875,2025-11-06 22:25:43.354699,2025-11-06 12:57:52.000000,2025-12-14 16:35:42.169627,6,75,74,37,22,False,8.341204120171078,1,Active Workspace,0.234
C:\Users\ASUS\Downloads\Agentic ai\IMG_1086.JPG,IMG_1086.JPG,.jpg,5488.4921875,2025-11-06 22:25:43.370502,2025-11-06 12:58:12.000000,2025-12-14 16:35:42.170483,6,75,74,37,22,False,8.610591032502265,1,Active Workspace,0.24
C:\Users\ASUS\Downloads\Agentic ai\IMG_1096.JPG,IMG_1096.JPG,.jpg,5619.25390625,2025-11-06 22:25:43.397913,2025-11-06 13:15:10.000000,2025-12-14 16:35:42.179657,6,75,74,37,22,False,8.634132120915236,1,Active Workspace,0.241
C:\Users\ASUS\Downloads\Agentic ai\IMG_1097.JPG,IMG_1097.JPG,.jpg,5529.318359375,2025-11-06 22:25:43.499988,2025-11-06 13:15:38.000000,2025-12-14 16:35:42.179149,6,75,74,37,22,False,8.618000662366553,1,Active Workspace,0.241
C:\Users\ASUS\Downloads\Agentic ai\IMG_1098.JPG,IMG_1098.JPG,.jpg,5666.529296875,2025-11-06 22:25:43.540594,2025-11-06 13:19:32.000000,2025-12-14 16:35:42.179149,6,75,74,37,22,False,8.6425085516449,1,Active Workspace,0.241
C:\Users\ASUS\Downloads\Agentic ai\IMG_1099.JPG,IMG_1099.JPG,.jpg,5685.671875,2025-11-06 22:25:43.599583,2025-11-06 13:19:38.000000,2025-12-14 16:35:42.179149,6,75,74,37,22,False,8.645880448262252,1,Active Workspace,0.241
C:\Users\ASUS\Downloads\Agentic ai\IMG_1100.JPG,IMG_1100.JPG,.jpg,6054.5830078125,2025-11-06 22:25:44.598662,2025-11-06 13:19:42.000000,2025-12-14 16:35:42.189186,6,75,74,37,22,False,8.70873593670507,1,Active Workspace,0.243
C:\Users\ASUS\Downloads\Agentic ai\IMG_1101.JPG,IMG_1101.JPG,.jpg,4900.38671875,2025-11-06 22:25:44.616710,2025-11-06 13:19:46.000000,2025-12-14 16:35:42.189186,6,75,74,37,22,False,8.497273447887219,1,Active Workspace,0.238
C:\Users\ASUS\Downloads\Agentic ai\IMG_1102.JPG,IMG_1102.JPG,.jpg,5662.7646484375,2025-11-06 22:25:44.633722,2025-11-06 13:20:00.000000,2025-12-14 16:35:42.189186,6,75,74,37,22,False,8.641844082327594,1,Active Workspace,0.241
C:\Users\ASUS\Downloads\Agentic ai\IMG_1103.JPG,IMG_1103.JPG,.jpg,5670.5439453125,2025-11-06 22:25:44.649714,2025-11-06 13:20:08.000000,2025-12-14 16:35:42.189186,6,75,74,37,22,False,8.643216660415256,1,Active Workspace,0.241
C:\Users\ASUS\Downloads\Agentic ai\IMG_1104.JPG,IMG_1104.JPG,.jpg,6060.6337890625,2025-11-06 22:25:44.663858,2025-11-06 13:24:26.000000,2025-12-14 16:35:42.199719,6,75,74,37,22,False,8.709734644882758,1,Active Workspace,0.243
C:\Users\ASUS\Downloads\Agentic ai\IMG_1105.JPG,IMG_1105.JPG,.jpg,5641.640625,2025-11-06 22:25:44.680865,2025-11-06 13:24:30.000000,2025-12-14 16:35:42.200515,6,75,74,37,22,False,8.638107430844578,1,Active Workspace,0.241
C:\Users\ASUS\Downloads\Agentic ai\IMG_1106.JPG,IMG_1106.JPG,.jpg,6038.5859375,2025-11-06 22:25:44.695952,2025-11-06 13:27:56.000000,2025-12-14 16:35:42.199719,6,75,74,37,22,False,8.70609073518493,1,Active Workspace,0.242
C:\Users\ASUS\Downloads\Agentic ai\IMG_1107.JPG,IMG_1107.JPG,.jpg,5987.68359375,2025-11-06 22:25:44.711488,2025-11-06 13:28:00.000000,2025-12-14 16:35:42.200515,6,75,74,37,22,False,8.697626899636585,1,Active Workspace,0.242
C:\Users\ASUS\Downloads\Agentic ai\IMG_1117.JPG,IMG_1117.JPG,.jpg,4722.966796875,2025-11-06 22:25:44.727292,2025-11-06 13:32:42.000000,2025-12-14 16:35:42.218783,6,75,74,37,22,False,8.460404148688616,1,Active Workspace,0.237
C:\Users\ASUS\Downloads\Agentic ai\IMG_1118.JPG,IMG_1118.JPG,.jpg,4972.4326171875,2025-11-06 22:25:44.743419,2025-11-06 13:32:46.000000,2025-12-14 16:35:42.219291,6,75,74,37,22,False,8.511865548131833,1,Active Workspace,0.238
C:\Users\ASUS\Downloads\Agentic ai\IMG_1120.JPG,IMG_1120.JPG,.jpg,4722.3740234375,2025-11-06 22:25:44.758150,2025-11-06 13:37:42.000000,2025-12-14 16:35:42.218783,6,75,74,37,22,False,8.460278658680464,1,Active Workspace,0.237
C:\Users\ASUS\Downloads\Agentic ai\IMG_1121.JPG,IMG_1121.JPG,.jpg,4801.865234375,2025-11-06 22:25:44.773479,2025-11-06 13:37:50.000000,2025-12-14 16:35:42.218783,6,75,74,37,22,False,8.476967942635946,1,Active Workspace,0.237
C:\Users\ASUS\Downloads\Agentic ai\IMG_1122.JPG,IMG_1122.JPG,.jpg,5604.13671875,2025-11-06 22:25:44.788021,2025-11-06 13:38:00.000000,2026-01-19 19:23:44.201717,6,75,74,0,22,False,8.631438727492448,3,Dormant Giants (High Risk),0.201
C:\Users\ASUS\Downloads\Bloody Roar 2\More than 5000+ games.url,More than 5000+ games.url,.url,0.046875,2025-12-05 07:33:00.605116,2022-06-01 17:00:47.917470,2025-12-14 16:35:42.413644,6,1329,46,37,7,True,0.0458095360312942,0,Active Workspace,0.225
C:\Users\ASUS\Downloads\Bloody Roar 2\PS1 Setup.exe,PS1 Setup.exe,.exe,21620.7880859375,2025-12-05 07:33:00.566593,2016-03-23 06:53:18.412000,2026-01-12 10:21:29.705067,6,3590,46,8,7,True,9.981456792950812,2,Dormant Giants (High Risk),0.73
C:\Users\ASUS\Downloads\Bloody Roar 2\README.txt,README.txt,.txt,2.1357421875,2025-12-05 07:33:00.608111,2023-01-07 00:23:17.324275,2025-12-14 16:35:42.413644,6,1109,46,37,7,True,1.1428658884900609,0,Active Workspace,0.219
C:\Users\ASUS\Downloads\ePSXe202-1\burutter.dll,burutter.dll,.dll,28.0,2015-01-27 17:09:18.000000,2025-12-10 12:01:04.550713,2025-12-14 16:35:42.435232,6,41,4011,37,17,False,3.367295829986474,1,Active Workspace,0.119
C:\Users\ASUS\Downloads\ePSXe202-1\epsxe.chm,epsxe.chm,.chm,90.490234375,2015-01-27 17:09:18.000000,2025-12-10 12:01:04.604522,2025-12-14 16:35:42.824737,6,41,4011,37,17,False,4.516232238443545,1,Active Workspace,0.145
C:\Users\ASUS\Downloads\ePSXe202-1\ePSXe.exe,ePSXe.exe,.exe,1172.5,2016-04-16 09:32:12.000000,2025-12-10 12:01:04.618521,2026-01-12 10:21:28.265440,6,41,3566,8,9,False,7.067746015291078,3,Dormant Giants (High Risk),0.17
C:\Users\ASUS\Downloads\Files\WhatsApp Image 2025-11-15 at 10.57.03_4fa0c144.jpg,WhatsApp Image 2025-11-15 at 10.57.03_4fa0c144.jpg,.jpg,24.91796875,2025-12-09 14:05:26.672535,2025-11-16 13:58:10.642413,2025-12-24 09:12:37.042814,6,65,42,27,14,False,3.2549365022867454,1,Active Workspace,0.109
C:\Users\ASUS\Downloads\Files\WhatsApp Image 2025-11-17 at 10.15.04_92b6d175.jpg,WhatsApp Image 2025-11-17 at 10.15.04_92b6d175.jpg,.jpg,29.5595703125,2025-12-09 14:05:12.398093,2025-11-17 10:15:05.677185,2025-12-24 09:12:37.029803,6,64,42,27,14,False,3.4196779037446277,1,Active Workspace,0.113
C:\Users\ASUS\Downloads\Files\WhatsApp Image 2025-11-17 at 10.18.31_cbc6f504.jpg,WhatsApp Image 2025-11-17 at 10.18.31_cbc6f504.jpg,.jpg,47.177734375,2025-12-09 14:05:18.274666,2025-11-17 10:18:32.423988,2025-12-14 16:35:42.571575,6,64,42,37,14,False,3.8748969719008963,1,Active Workspace,0.134
C:\Users\ASUS\Downloads\ePSXe202-1\bios\erase.me,erase.me,.me,0.0244140625,2015-01-27 17:09:18.000000,2025-12-10 12:01:04.538682,2025-12-14 16:35:42.436233,7,41,4011,37,17,False,0.02412080279684408,0,Active Workspace,0.045
C:\Users\ASUS\Downloads\ePSXe202-1\cheats\erase.me,erase.me,.me,0.0244140625,2015-01-27 17:09:18.000000,2025-12-10 12:01:04.559412,2025-12-14 16:35:42.446066,7,41,4011,37,17,False,0.02412080279684408,0,Active Workspace,0.045
C:\Users\ASUS\Downloads\ePSXe202-1\config\erase.me,erase.me,.me,0.0244140625,2015-01-27 17:09:18.000000,2025-12-10 12:01:04.567037,2025-12-14 16:35:42.464137,7,41,4011,37,17,False,0.02412080279684408,0,Active Workspace,0.045
C:\Users\ASUS\Downloads\ePSXe202-1\covers\erase.me,erase.me,.me,0.0244140625,2016-02-15 13:33:00.000000,2025-12-10 12:01:04.575635,2025-12-14 16:35:42.477197,7,41,3627,37,13,False,0.02412080279684408,0,Active Workspace,0.045
C:\Users\ASUS\Downloads\ePSXe202-1\docs\ePSXe_en.txt,ePSXe_en.txt,.txt,59.861328125,2016-04-14 17:22:50.000000,2025-12-10 12:01:04.594064,2025-12-14 16:35:42.497013,7,41,3568,37,17,False,4.108597966856413,0,Active Workspace,0.136
C:\Users\ASUS\Downloads\ePSXe202-1\docs\ePSXe_sp.txt,ePSXe_sp.txt,.txt,68.5693359375,2016-04-14 17:22:50.000000,2025-12-10 12:01:04.598065,2025-12-14 16:35:42.496011,7,41,3568,37,17,False,4.242323894647792,0,Active Workspace,0.139
C:\Users\ASUS\Downloads\ePSXe202-1\idx\erase.me,erase.me,.me,0.0244140625,2015-01-27 17:09:18.000000,2025-12-10 12:01:04.626663,2025-12-14 16:35:42.498010,7,41,4011,37,17,False,0.02412080279684408,0,Active Workspace,0.045
C:\Users\ASUS\Downloads\ePSXe202-1\info\erase.me,erase.me,.me,0.0244140625,2016-02-15 13:33:06.000000,2025-12-10 12:01:04.635185,2025-12-14 16:35:42.499011,7,41,3627,37,13,False,0.02412080279684408,0,Active Workspace,0.045
C:\Users\ASUS\Downloads\ePSXe202-1\info\gamelistv3,gamelistv3,no_ext,0.0,2025-12-10 12:08:48.999523,2025-12-10 12:08:58.222382,2025-12-10 12:08:58.222382,7,41,41,41,12,False,0.0,0,Active Workspace,0.049
C:\Users\ASUS\Downloads\ePSXe202-1\isos\erase.me,erase.me,.me,0.0244140625,2015-01-27 17:09:18.000000,2025-12-10 12:01:04.644183,2025-12-14 16:35:42.508541,7,41,4011,37,17,False,0.02412080279684408,0,Active Workspace,0.045
C:\Users\ASUS\Downloads\ePSXe202-1\memcards\delete.me,delete.me,.me,0.015625,2015-01-27 17:09:18.000000,2025-12-10 12:01:04.651660,2025-12-14 16:35:42.508541,7,41,4011,37,17,False,0.015504186535965254,0,Active Workspace,0.045
C:\Users\ASUS\Downloads\ePSXe202-1\memcards\epsxe000.mcr,epsxe000.mcr,.mcr,128.0,2025-12-10 12:07:15.830501,2025-12-10 12:07:42.776361,2025-12-14 16:35:42.525592,7,41,41,37,12,False,4.859812404361672,0,Active Workspace,0.152
C:\Users\ASUS\Downloads\ePSXe202-1\memcards\epsxe001.mcr,epsxe001.mcr,.mcr,128.0,2025-12-10 12:07:15.831501,2025-12-10 12:07:42.776361,2025-12-14 16:35:42.524593,7,41,41,37,12,False,4.859812404361672,0,Active Workspace,0.152
C:\Users\ASUS\Downloads\ePSXe202-1\patches\erase.me,erase.me,.me,0.0244140625,2015-01-27 17:09:18.000000,2025-12-10 12:01:04.665385,2025-12-14 16:35:42.527111,7,41,4011,37,17,False,0.02412080279684408,0,Active Workspace,0.045
C:\Users\ASUS\Downloads\ePSXe202-1\plugins\remove.me,remove.me,.me,0.033203125,2015-01-27 17:09:18.000000,2025-12-10 12:01:04.674421,2025-12-14 16:35:42.536150,7,41,4011,37,17,False,0.032663806818791594,0,Active Workspace,0.045
C:\Users\ASUS\Downloads\ePSXe202-1\snap\kill.me,kill.me,.me,0.0263671875,2015-01-27 17:09:18.000000,2025-12-10 12:01:04.699990,2025-12-14 16:35:42.544971,7,41,4011,37,17,False,0.026025565277498032,0,Active Workspace,0.045
C:\Users\ASUS\Downloads\ePSXe202-1\sstates\punch.me,punch.me,.me,0.0166015625,2015-01-27 17:09:18.000000,2025-12-10 12:01:04.706990,2025-12-14 16:35:42.552486,7,41,4011,37,17,False,0.01646526301551579,0,Active Workspace,0.045
C:\Users\ASUS\Downloads\ePSXe202-1\shaders\gpucore\delete.me,delete.me,.me,0.009765625,2016-02-15 13:32:22.000000,2025-12-10 12:01:04.684418,2025-12-14 16:35:42.537151,8,41,3627,37,13,False,0.009718249468921346,0,Active Workspace,0.045
C:\Users\ASUS\Downloads\ePSXe202-1\shaders\ogl2\erase.me,erase.me,.me,0.0087890625,2016-02-15 13:32:32.000000,2025-12-10 12:01:04.690989,2025-12-14 16:35:42.544971,8,41,3627,37,13,False,0.008750663520185453,0,Active Workspace,0.045
C:\Users\ASUS\Downloads\ePSXe202-1\memcards\games\delete.me,delete.me,.me,0.0068359375,2015-01-27 17:09:18.000000,2025-12-10 12:01:04.658169,2025-12-14 16:35:42.527111,8,41,4011,37,17,False,0.006812678417506831,0,Active Workspace,0.045
C:\Users\ASUS\Downloads\Agentic ai\__MACOSX\._IMG_0949.JPG,._IMG_0949.JPG,.jpg,0.3251953125,2025-11-06 22:25:38.987886,2025-11-06 10:43:36.000000,2025-12-14 16:35:42.226315,7,75,74,37,22,False,0.2815598542354161,0,Active Workspace,0.055
C:\Users\ASUS\Downloads\Agentic ai\__MACOSX\._IMG_0950.JPG,._IMG_0950.JPG,.jpg,0.21484375,2025-11-06 22:25:39.007728,2025-11-06 10:46:10.000000,2025-12-14 16:35:42.226315,7,75,74,37,22,False,0.19461546769967167,0,Active Workspace,0.054
C:\Users\ASUS\Downloads\Agentic ai\__MACOSX\._IMG_0951.JPG,._IMG_0951.JPG,.jpg,0.21484375,2025-11-06 22:25:39.025632,2025-11-06 10:46:16.000000,2025-12-14 16:35:42.226315,7,75,74,37,22,False,0.19461546769967167,0,Active Workspace,0.054
C:\Users\ASUS\Downloads\Agentic ai\__MACOSX\._IMG_0952.JPG,._IMG_0952.JPG,.jpg,0.21484375,2025-11-06 22:25:39.042898,2025-11-06 10:46:26.000000,2025-12-14 16:35:42.229363,7,75,74,37,22,False,0.19461546769967167,0,Active Workspace,0.054
C:\Users\ASUS\Downloads\Agentic ai\__MACOSX\._IMG_0953.JPG,._IMG_0953.JPG,.jpg,0.21484375,2025-11-06 22:25:39.059651,2025-11-06 10:46:30.000000,2025-12-14 16:35:42.233371,7,75,74,37,22,False,0.19461546769967167,0,Active Workspace,0.054
C:\Users\ASUS\Downloads\Agentic ai\__MACOSX\._IMG_0954.JPG,._IMG_0954.JPG,.jpg,0.21484375,2025-11-06 22:25:39.075084,2025-11-06 10:46:40.000000,2025-12-14 16:35:42.233371,7,75,74,37,22,False,0.19461546769967167,0,Active Workspace,0.054
C:\Users\ASUS\Downloads\Agentic ai\__MACOSX\._IMG_0955.JPG,._IMG_0955.JPG,.jpg,0.21484375,2025-11-06 22:25:39.093037,2025-11-06 10:46:44.000000,2025-12-14 16:35:42.235373,7,75,74,37,22,False,0.19461546769967167,0,Active Workspace,0.054
C:\Users\ASUS\Downloads\Agentic ai\__MACOSX\._IMG_0956.JPG,._IMG_0956.JPG,.jpg,0.21484375,2025-11-06 22:25:39.106574,2025-11-06 10:46:46.000000,2025-12-14 16:35:42.237376,7,75,74,37,22,False,0.19461546769967167,0,Active Workspace,0.054
C:\Users\ASUS\Downloads\Agentic ai\__MACOSX\._IMG_0957.JPG,._IMG_0957.JPG,.jpg,0.21484375,2025-11-06 22:25:39.121543,2025-11-06 10:46:58.000000,2025-12-14 16:35:42.240424,7,75,74,37,22,False,0.19461546769967167,0,Active Workspace,0.054
C:\Users\ASUS\Downloads\Agentic ai\__MACOSX\._IMG_0958.JPG,._IMG_0958.JPG,.jpg,0.21484375,2025-11-06 22:25:39.136341,2025-11-06 10:47:02.000000,2025-12-14 16:35:42.243435,7,75,74,37,22,False,0.19461546769967167,0,Active Workspace,0.054
C:\Users\ASUS\Downloads\Agentic ai\__MACOSX\._IMG_0959.JPG,._IMG_0959.JPG,.jpg,0.21484375,2025-11-06 22:25:39.152806,2025-11-06 10:47:10.000000,2025-12-14 16:35:42.242433,7,75,74,37,22,False,0.19461546769967167,0,Active Workspace,0.054
C:\Users\ASUS\Downloads\Agentic ai\__MACOSX\._IMG_0960.JPG,._IMG_0960.JPG,.jpg,0.21484375,2025-11-06 22:25:39.168623,2025-11-06 10:47:18.000000,2025-12-14 16:35:42.245433,7,75,74,37,22,False,0.19461546769967167,0,Active Workspace,0.054
C:\Users\ASUS\Downloads\Agentic ai\__MACOSX\._IMG_0961.JPG,._IMG_0961.JPG,.jpg,0.21484375,2025-11-06 22:25:39.185356,2025-11-06 10:47:30.000000,2025-12-14 16:35:42.248941,7,75,74,37,22,False,0.19461546769967167,0,Active Workspace,0.054
C:\Users\ASUS\Downloads\Agentic ai\__MACOSX\._IMG_0962.JPG,._IMG_0962.JPG,.jpg,0.21484375,2025-11-06 22:25:39.201823,2025-11-06 10:47:40.000000,2025-12-14 16:35:42.250278,7,75,74,37,22,False,0.19461546769967167,0,Active Workspace,0.054
C:\Users\ASUS\Downloads\Agentic ai\__MACOSX\._IMG_0963.JPG,._IMG_0963.JPG,.jpg,0.21484375,2025-11-06 22:25:39.218751,2025-11-06 10:47:48.000000,2025-12-14 16:35:42.250278,7,75,74,37,22,False,0.19461546769967167,0,Active Workspace,0.054
C:\Users\ASUS\Downloads\Agentic ai\__MACOSX\._IMG_0964.JPG,._IMG_0964.JPG,.jpg,0.21484375,2025-11-06 22:25:39.236137,2025-11-06 10:49:28.000000,2025-12-14 16:35:42.254488,7,75,74,37,22,False,0.19461546769967167,0,Active Workspace,0.054
C:\Users\ASUS\Downloads\Agentic ai\__MACOSX\._IMG_0965.JPG,._IMG_0965.JPG,.jpg,0.21484375,2025-11-06 22:25:39.254279,2025-11-06 10:49:32.000000,2025-12-14 16:35:42.257489,7,75,74,37,22,False,0.19461546769967167,0,Active Workspace,0.054
C:\Users\ASUS\Downloads\Agentic ai\__MACOSX\._IMG_0966.JPG,._IMG_0966.JPG,.jpg,0.21484375,2025-11-06 22:25:39.272301,2025-11-06 10:52:02.000000,2025-12-14 16:35:42.257489,7,75,74,37,22,False,0.19461546769967167,0,Active Workspace,0.054
C:\Users\ASUS\Downloads\Agentic ai\__MACOSX\._IMG_0967.JPG,._IMG_0967.JPG,.jpg,0.21484375,2025-11-06 22:25:39.291652,2025-11-06 10:52:02.000000,2025-12-14 16:35:42.257489,7,75,74,37,22,False,0.19461546769967167,0,Active Workspace,0.054
C:\Users\ASUS\Downloads\Agentic ai\__MACOSX\._IMG_0968.JPG,._IMG_0968.JPG,.jpg,0.21484375,2025-11-06 22:25:39.308850,2025-11-06 10:52:16.000000,2025-12-14 16:35:42.261543,7,75,74,37,22,False,0.19461546769967167,0,Active Workspace,0.054
C:\Users\ASUS\Downloads\Agentic ai\__MACOSX\._IMG_0969.JPG,._IMG_0969.JPG,.jpg,0.21484375,2025-11-06 22:25:39.323289,2025-11-06 10:52:22.000000,2025-12-14 16:35:42.265543,7,75,74,37,22,False,0.19461546769967167,0,Active Workspace,0.054
C:\Users\ASUS\Downloads\Agentic ai\__MACOSX\._IMG_0970.JPG,._IMG_0970.JPG,.jpg,0.21484375,2025-11-06 22:25:39.339289,2025-11-06 10:52:26.000000,2025-12-14 16:35:42.265543,7,75,74,37,22,False,0.19461546769967167,0,Active Workspace,0.054
C:\Users\ASUS\Downloads\Agentic ai\__MACOSX\._IMG_0971.JPG,._IMG_0971.JPG,.jpg,0.21484375,2025-11-06 22:25:39.355289,2025-11-06 10:52:44.000000,2025-12-14 16:35:42.266542,7,75,74,37,22,False,0.19461546769967167,0,Active Workspace,0.054
C:\Users\ASUS\Downloads\Agentic ai\__MACOSX\._IMG_0973.JPG,._IMG_0973.JPG,.jpg,0.21484375,2025-11-06 22:25:39.371289,2025-11-06 10:52:50.000000,2025-12-14 16:35:42.272570,7,75,74,37,22,False,0.19461546769967167,0,Active Workspace,0.054
C:\Users\ASUS\Downloads\Agentic ai\__MACOSX\._IMG_0974.JPG,._IMG_0974.JPG,.jpg,0.21484375,2025-11-06 22:25:39.387292,2025-11-06 10:53:34.000000,2025-12-14 16:35:42.273571,7,75,74,37,22,False,0.19461546769967167,0,Active Workspace,0.054
C:\Users\ASUS\Downloads\Agentic ai\__MACOSX\._IMG_0975.JPG,._IMG_0975.JPG,.jpg,0.21484375,2025-11-06 22:25:39.403474,2025-11-06 10:53:38.000000,2025-12-14 16:35:42.273571,7,75,74,37,22,False,0.19461546769967167,0,Active Workspace,0.054
C:\Users\ASUS\Downloads\Agentic ai\__MACOSX\._IMG_0978.JPG,._IMG_0978.JPG,.jpg,0.21484375,2025-11-06 22:25:39.423473,2025-11-06 10:54:40.000000,2025-12-14 16:35:42.276572,7,75,74,37,22,False,0.19461546769967167,0,Active Workspace,0.054
C:\Users\ASUS\Downloads\Agentic ai\__MACOSX\._IMG_1021.JPG,._IMG_1021.JPG,.jpg,0.21484375,2025-11-06 22:25:39.439473,2025-11-06 11:39:28.000000,2025-12-14 16:35:42.280381,7,75,74,37,22,False,0.19461546769967167,0,Active Workspace,0.054
C:\Users\ASUS\Downloads\Agentic ai\__MACOSX\._IMG_1022.JPG,._IMG_1022.JPG,.jpg,0.21484375,2025-11-06 22:25:39.453484,2025-11-06 11:39:44.000000,2025-12-14 16:35:42.280381,7,75,74,37,22,False,0.19461546769967167,0,Active Workspace,0.054
C:\Users\ASUS\Downloads\Agentic ai\__MACOSX\._IMG_1023.JPG,._IMG_1023.JPG,.jpg,0.21484375,2025-11-06 22:25:39.468576,2025-11-06 11:39:46.000000,2025-12-14 16:35:42.280381,7,75,74,37,22,False,0.19461546769967167,0,Active Workspace,0.054
C:\Users\ASUS\Downloads\Agentic ai\__MACOSX\._IMG_1024.JPG,._IMG_1024.JPG,.jpg,0.21484375,2025-11-06 22:25:39.484108,2025-11-06 11:39:54.000000,2025-12-14 16:35:42.285594,7,75,74,37,22,False,0.19461546769967167,0,Active Workspace,0.054
C:\Users\ASUS\Downloads\Agentic ai\__MACOSX\._IMG_1025.JPG,._IMG_1025.JPG,.jpg,0.21484375,2025-11-06 22:25:39.499111,2025-11-06 11:40:08.000000,2025-12-14 16:35:42.288595,7,75,74,37,22,False,0.19461546769967167,0,Active Workspace,0.054
C:\Users\ASUS\Downloads\Agentic ai\__MACOSX\._IMG_1032.JPG,._IMG_1032.JPG,.jpg,0.21484375,2025-11-06 22:25:39.519108,2025-11-06 12:16:42.000000,2025-12-14 16:35:42.288595,7,75,74,37,22,False,0.19461546769967167,0,Active Workspace,0.054
C:\Users\ASUS\Downloads\Agentic ai\__MACOSX\._IMG_1037.JPG,._IMG_1037.JPG,.jpg,0.21484375,2025-11-06 22:25:39.537108,2025-11-06 12:18:58.000000,2025-12-14 16:35:42.289609,7,75,74,37,22,False,0.19461546769967167,0,Active Workspace,0.054
C:\Users\ASUS\Downloads\Agentic ai\__MACOSX\._IMG_1038.JPG,._IMG_1038.JPG,.jpg,0.21484375,2025-11-06 22:25:39.555108,2025-11-06 12:19:06.000000,2025-12-14 16:35:42.293618,7,75,74,37,22,False,0.19461546769967167,0,Active Workspace,0.054
C:\Users\ASUS\Downloads\Agentic ai\__MACOSX\._IMG_1039.JPG,._IMG_1039.JPG,.jpg,0.21484375,2025-11-06 22:25:39.571108,2025-11-06 12:19:10.000000,2025-12-14 16:35:42.296619,7,75,74,37,22,False,0.19461546769967167,0,Active Workspace,0.054
C:\Users\ASUS\Downloads\Agentic ai\__MACOSX\._IMG_1040.JPG,._IMG_1040.JPG,.jpg,0.21484375,2025-11-06 22:25:39.588176,2025-11-06 12:19:14.000000,2025-12-14 16:35:42.296619,7,75,74,37,22,False,0.19461546769967167,0,Active Workspace,0.054
C:\Users\ASUS\Downloads\Agentic ai\__MACOSX\._IMG_1041.JPG,._IMG_1041.JPG,.jpg,0.21484375,2025-11-06 22:25:39.604549,2025-11-06 12:19:18.000000,2025-12-14 16:35:42.296619,7,75,74,37,22,False,0.19461546769967167,0,Active Workspace,0.054
C:\Users\ASUS\Downloads\Agentic ai\__MACOSX\._IMG_1042.JPG,._IMG_1042.JPG,.jpg,0.21484375,2025-11-06 22:25:39.621549,2025-11-06 12:19:36.000000,2025-12-14 16:35:42.305648,7,75,74,37,22,False,0.19461546769967167,0,Active Workspace,0.054
C:\Users\ASUS\Downloads\Agentic ai\__MACOSX\._IMG_1043.JPG,._IMG_1043.JPG,.jpg,0.21484375,2025-11-06 22:25:39.636549,2025-11-06 12:19:44.000000,2025-12-14 16:35:42.306647,7,75,74,37,22,False,0.19461546769967167,0,Active Workspace,0.054
C:\Users\ASUS\Downloads\Agentic ai\__MACOSX\._IMG_1044.JPG,._IMG_1044.JPG,.jpg,0.21484375,2025-11-06 22:25:39.652527,2025-11-06 12:19:54.000000,2025-12-14 16:35:42.306647,7,75,74,37,22,False,0.19461546769967167,0,Active Workspace,0.054
C:\Users\ASUS\Downloads\Agentic ai\__MACOSX\._IMG_1045.JPG,._IMG_1045.JPG,.jpg,0.21484375,2025-11-06 22:25:39.668393,2025-11-06 12:19:54.000000,2025-12-14 16:35:42.309665,7,75,74,37,22,False,0.19461546769967167,0,Active Workspace,0.054
C:\Users\ASUS\Downloads\Agentic ai\__MACOSX\._IMG_1046.JPG,._IMG_1046.JPG,.jpg,0.21484375,2025-11-06 22:25:39.708029,2025-11-06 12:20:26.000000,2025-12-14 16:35:42.313682,7,75,74,37,22,False,0.19461546769967167,0,Active Workspace,0.054
C:\Users\ASUS\Downloads\Agentic ai\__MACOSX\._IMG_1047.JPG,._IMG_1047.JPG,.jpg,0.21484375,2025-11-06 22:25:39.726613,2025-11-06 12:20:36.000000,2025-12-14 16:35:42.313682,7,75,74,37,22,False,0.19461546769967167,0,Active Workspace,0.054
C:\Users\ASUS\Downloads\Agentic ai\__MACOSX\._IMG_1048.JPG,._IMG_1048.JPG,.jpg,0.21484375,2025-11-06 22:25:39.743728,2025-11-06 12:20:38.000000,2025-12-14 16:35:42.316683,7,75,74,37,22,False,0.19461546769967167,0,Active Workspace,0.054
C:\Users\ASUS\Downloads\Agentic ai\__MACOSX\._IMG_1049.JPG,._IMG_1049.JPG,.jpg,0.21484375,2025-11-06 22:25:39.761343,2025-11-06 12:21:08.000000,2025-12-14 16:35:42.317686,7,75,74,37,22,False,0.19461546769967167,0,Active Workspace,0.054
C:\Users\ASUS\Downloads\Agentic ai\__MACOSX\._IMG_1050.JPG,._IMG_1050.JPG,.jpg,0.21484375,2025-11-06 22:25:39.776599,2025-11-06 12:21:10.000000,2025-12-14 16:35:42.321710,7,75,74,37,22,False,0.19461546769967167,0,Active Workspace,0.054
C:\Users\ASUS\Downloads\Agentic ai\__MACOSX\._IMG_1051.JPG,._IMG_1051.JPG,.jpg,0.21484375,2025-11-06 22:25:39.794487,2025-11-06 12:21:10.000000,2025-12-14 16:35:42.322710,7,75,74,37,22,False,0.19461546769967167,0,Active Workspace,0.054
C:\Users\ASUS\Downloads\Agentic ai\__MACOSX\._IMG_1052.JPG,._IMG_1052.JPG,.jpg,0.21484375,2025-11-06 22:25:39.809033,2025-11-06 12:21:40.000000,2025-12-14 16:35:42.324718,7,75,74,37,22,False,0.19461546769967167,0,Active Workspace,0.054
C:\Users\ASUS\Downloads\Agentic ai\__MACOSX\._IMG_1053.JPG,._IMG_1053.JPG,.jpg,0.21484375,2025-11-06 22:25:39.832844,2025-11-06 12:21:42.000000,2025-12-14 16:35:42.324718,7,75,74,37,22,False,0.19461546769967167,0,Active Workspace,0.054
C:\Users\ASUS\Downloads\Agentic ai\__MACOSX\._IMG_1054.JPG,._IMG_1054.JPG,.jpg,0.21484375,2025-11-06 22:25:39.849334,2025-11-06 12:21:46.000000,2025-12-14 16:35:42.328741,7,75,74,37,22,False,0.19461546769967167,0,Active Workspace,0.054
C:\Users\ASUS\Downloads\Agentic ai\__MACOSX\._IMG_1055.JPG,._IMG_1055.JPG,.jpg,0.21484375,2025-11-06 22:25:39.867177,2025-11-06 12:21:52.000000,2025-12-14 16:35:42.331270,7,75,74,37,22,False,0.19461546769967167,0,Active Workspace,0.054
C:\Users\ASUS\Downloads\Agentic ai\__MACOSX\._IMG_1056.JPG,._IMG_1056.JPG,.jpg,0.21484375,2025-11-06 22:25:39.883319,2025-11-06 12:24:38.000000,2025-12-14 16:35:42.333269,7,75,74,37,22,False,0.19461546769967167,0,Active Workspace,0.054
C:\Users\ASUS\Downloads\Agentic ai\__MACOSX\._IMG_1057.JPG,._IMG_1057.JPG,.jpg,0.21484375,2025-11-06 22:25:39.907356,2025-11-06 12:24:48.000000,2025-12-14 16:35:42.334272,7,75,74,37,22,False,0.19461546769967167,0,Active Workspace,0.054
C:\Users\ASUS\Downloads\Agentic ai\__MACOSX\._IMG_1069.JPG,._IMG_1069.JPG,.jpg,0.21484375,2025-11-06 22:25:41.614819,2025-11-06 12:41:52.000000,2025-12-14 16:35:42.336273,7,75,74,37,22,False,0.19461546769967167,0,Active Workspace,0.054
C:\Users\ASUS\Downloads\Agentic ai\__MACOSX\._IMG_1070.JPG,._IMG_1070.JPG,.jpg,0.21484375,2025-11-06 22:25:41.772536,2025-11-06 12:43:14.000000,2025-12-14 16:35:42.341330,7,75,74,37,22,False,0.19461546769967167,0,Active Workspace,0.054
C:\Users\ASUS\Downloads\Agentic ai\__MACOSX\._IMG_1071.JPG,._IMG_1071.JPG,.jpg,0.21484375,2025-11-06 22:25:41.922666,2025-11-06 12:43:18.000000,2025-12-14 16:35:42.341330,7,75,74,37,22,False,0.19461546769967167,0,Active Workspace,0.054
C:\Users\ASUS\Downloads\Agentic ai\__MACOSX\._IMG_1072.JPG,._IMG_1072.JPG,.jpg,0.21484375,2025-11-06 22:25:42.081033,2025-11-06 12:43:36.000000,2025-12-14 16:35:42.341330,7,75,74,37,22,False,0.19461546769967167,0,Active Workspace,0.054
C:\Users\ASUS\Downloads\Agentic ai\__MACOSX\._IMG_1073.JPG,._IMG_1073.JPG,.jpg,0.21484375,2025-11-06 22:25:42.947545,2025-11-06 12:43:38.000000,2025-12-14 16:35:42.344331,7,75,74,37,22,False,0.19461546769967167,0,Active Workspace,0.054
C:\Users\ASUS\Downloads\Agentic ai\__MACOSX\._IMG_1074.JPG,._IMG_1074.JPG,.jpg,0.21484375,2025-11-06 22:25:42.997275,2025-11-06 12:44:58.000000,2025-12-14 16:35:42.350240,7,75,74,37,22,False,0.19461546769967167,0,Active Workspace,0.054
C:\Users\ASUS\Downloads\Agentic ai\__MACOSX\._IMG_1075.JPG,._IMG_1075.JPG,.jpg,0.21484375,2025-11-06 22:25:43.015839,2025-11-06 12:45:00.000000,2025-12-14 16:35:42.350240,7,75,74,37,22,False,0.19461546769967167,0,Active Workspace,0.054
C:\Users\ASUS\Downloads\Agentic ai\__MACOSX\._IMG_1076.JPG,._IMG_1076.JPG,.jpg,0.21484375,2025-11-06 22:25:43.035141,2025-11-06 12:46:40.000000,2025-12-14 16:35:42.350240,7,75,74,37,22,False,0.19461546769967167,0,Active Workspace,0.054
C:\Users\ASUS\Downloads\Agentic ai\__MACOSX\._IMG_1077.JPG,._IMG_1077.JPG,.jpg,0.21484375,2025-11-06 22:25:43.077825,2025-11-06 12:49:58.000000,2025-12-14 16:35:42.352390,7,75,74,37,22,False,0.19461546769967167,0,Active Workspace,0.054
C:\Users\ASUS\Downloads\Agentic ai\__MACOSX\._IMG_1078.JPG,._IMG_1078.JPG,.jpg,0.21484375,2025-11-06 22:25:43.093360,2025-11-06 12:50:28.000000,2025-12-14 16:35:42.357390,7,75,74,37,22,False,0.19461546769967167,0,Active Workspace,0.054
C:\Users\ASUS\Downloads\Agentic ai\__MACOSX\._IMG_1079.JPG,._IMG_1079.JPG,.jpg,0.21484375,2025-11-06 22:25:43.146209,2025-11-06 12:50:32.000000,2025-12-14 16:35:42.357390,7,75,74,37,22,False,0.19461546769967167,0,Active Workspace,0.054
C:\Users\ASUS\Downloads\Agentic ai\__MACOSX\._IMG_1080.JPG,._IMG_1080.JPG,.jpg,0.21484375,2025-11-06 22:25:43.195504,2025-11-06 12:53:46.000000,2025-12-14 16:35:42.357390,7,75,74,37,22,False,0.19461546769967167,0,Active Workspace,0.054
C:\Users\ASUS\Downloads\Agentic ai\__MACOSX\._IMG_1081.JPG,._IMG_1081.JPG,.jpg,0.21484375,2025-11-06 22:25:43.234339,2025-11-06 12:53:48.000000,2025-12-14 16:35:42.361442,7,75,74,37,22,False,0.19461546769967167,0,Active Workspace,0.054
C:\Users\ASUS\Downloads\Agentic ai\__MACOSX\._IMG_1082.JPG,._IMG_1082.JPG,.jpg,0.21484375,2025-11-06 22:25:43.325079,2025-11-06 12:53:50.000000,2025-12-14 16:35:42.366441,7,75,74,37,22,False,0.19461546769967167,0,Active Workspace,0.054
C:\Users\ASUS\Downloads\Agentic ai\__MACOSX\._IMG_1083.JPG,._IMG_1083.JPG,.jpg,0.21484375,2025-11-06 22:25:43.339205,2025-11-06 12:57:34.000000,2025-12-14 16:35:42.366441,7,75,74,37,22,False,0.19461546769967167,0,Active Workspace,0.054
C:\Users\ASUS\Downloads\Agentic ai\__MACOSX\._IMG_1084.JPG,._IMG_1084.JPG,.jpg,0.21484375,2025-11-06 22:25:43.353699,2025-11-06 12:57:36.000000,2025-12-14 16:35:42.366441,7,75,74,37,22,False,0.19461546769967167,0,Active Workspace,0.054
C:\Users\ASUS\Downloads\Agentic ai\__MACOSX\._IMG_1085.JPG,._IMG_1085.JPG,.jpg,0.21484375,2025-11-06 22:25:43.369501,2025-11-06 12:57:52.000000,2025-12-14 16:35:42.369491,7,75,74,37,22,False,0.19461546769967167,0,Active Workspace,0.054
C:\Users\ASUS\Downloads\Agentic ai\__MACOSX\._IMG_1086.JPG,._IMG_1086.JPG,.jpg,0.21484375,2025-11-06 22:25:43.396912,2025-11-06 12:58:12.000000,2025-12-14 16:35:42.374511,7,75,74,37,22,False,0.19461546769967167,0,Active Workspace,0.054
C:\Users\ASUS\Downloads\Agentic ai\__MACOSX\._IMG_1096.JPG,._IMG_1096.JPG,.jpg,0.21484375,2025-11-06 22:25:43.498994,2025-11-06 13:15:10.000000,2025-12-14 16:35:42.374511,7,75,74,37,22,False,0.19461546769967167,0,Active Workspace,0.054
C:\Users\ASUS\Downloads\Agentic ai\__MACOSX\._IMG_1097.JPG,._IMG_1097.JPG,.jpg,0.21484375,2025-11-06 22:25:43.540594,2025-11-06 13:15:38.000000,2025-12-14 16:35:42.374511,7,75,74,37,22,False,0.19461546769967167,0,Active Workspace,0.054
C:\Users\ASUS\Downloads\Agentic ai\__MACOSX\._IMG_1098.JPG,._IMG_1098.JPG,.jpg,0.21484375,2025-11-06 22:25:43.598583,2025-11-06 13:19:32.000000,2025-12-14 16:35:42.379558,7,75,74,37,22,False,0.19461546769967167,0,Active Workspace,0.054
C:\Users\ASUS\Downloads\Agentic ai\__MACOSX\._IMG_1099.JPG,._IMG_1099.JPG,.jpg,0.21484375,2025-11-06 22:25:44.598662,2025-11-06 13:19:38.000000,2025-12-14 16:35:42.383569,7,75,74,37,22,False,0.19461546769967167,0,Active Workspace,0.054
C:\Users\ASUS\Downloads\Agentic ai\__MACOSX\._IMG_1100.JPG,._IMG_1100.JPG,.jpg,0.21484375,2025-11-06 22:25:44.615706,2025-11-06 13:19:42.000000,2025-12-14 16:35:42.383569,7,75,74,37,22,False,0.19461546769967167,0,Active Workspace,0.054
C:\Users\ASUS\Downloads\Agentic ai\__MACOSX\._IMG_1101.JPG,._IMG_1101.JPG,.jpg,0.21484375,2025-11-06 22:25:44.633722,2025-11-06 13:19:46.000000,2025-12-14 16:35:42.383569,7,75,74,37,22,False,0.19461546769967167,0,Active Workspace,0.054
C:\Users\ASUS\Downloads\Agentic ai\__MACOSX\._IMG_1102.JPG,._IMG_1102.JPG,.jpg,0.21484375,2025-11-06 22:25:44.648712,2025-11-06 13:20:00.000000,2025-12-14 16:35:42.388566,7,75,74,37,22,False,0.19461546769967167,0,Active Workspace,0.054
C:\Users\ASUS\Downloads\Agentic ai\__MACOSX\._IMG_1103.JPG,._IMG_1103.JPG,.jpg,0.21484375,2025-11-06 22:25:44.663858,2025-11-06 13:20:08.000000,2025-12-14 16:35:42.391590,7,75,74,37,22,False,0.19461546769967167,0,Active Workspace,0.054
C:\Users\ASUS\Downloads\Agentic ai\__MACOSX\._IMG_1104.JPG,._IMG_1104.JPG,.jpg,0.21484375,2025-11-06 22:25:44.679863,2025-11-06 13:24:26.000000,2025-12-14 16:35:42.391590,7,75,74,37,22,False,0.19461546769967167,0,Active Workspace,0.054
C:\Users\ASUS\Downloads\Agentic ai\__MACOSX\._IMG_1105.JPG,._IMG_1105.JPG,.jpg,0.21484375,2025-11-06 22:25:44.695952,2025-11-06 13:24:30.000000,2025-12-14 16:35:42.391590,7,75,74,37,22,False,0.19461546769967167,0,Active Workspace,0.054
C:\Users\ASUS\Downloads\Agentic ai\__MACOSX\._IMG_1106.JPG,._IMG_1106.JPG,.jpg,0.21484375,2025-11-06 22:25:44.711488,2025-11-06 13:27:56.000000,2025-12-14 16:35:42.396590,7,75,74,37,22,False,0.19461546769967167,0,Active Workspace,0.054
C:\Users\ASUS\Downloads\Agentic ai\__MACOSX\._IMG_1107.JPG,._IMG_1107.JPG,.jpg,0.21484375,2025-11-06 22:25:44.726305,2025-11-06 13:28:00.000000,2025-12-14 16:35:42.399603,7,75,74,37,22,False,0.19461546769967167,0,Active Workspace,0.054
C:\Users\ASUS\Downloads\Agentic ai\__MACOSX\._IMG_1117.JPG,._IMG_1117.JPG,.jpg,0.21484375,2025-11-06 22:25:44.742418,2025-11-06 13:32:42.000000,2025-12-14 16:35:42.400610,7,75,74,37,22,False,0.19461546769967167,0,Active Workspace,0.054
C:\Users\ASUS\Downloads\Agentic ai\__MACOSX\._IMG_1118.JPG,._IMG_1118.JPG,.jpg,0.21484375,2025-11-06 22:25:44.758150,2025-11-06 13:32:46.000000,2025-12-14 16:35:42.402617,7,75,74,37,22,False,0.19461546769967167,0,Active Workspace,0.054
C:\Users\ASUS\Downloads\Agentic ai\__MACOSX\._IMG_1120.JPG,._IMG_1120.JPG,.jpg,0.21484375,2025-11-06 22:25:44.773479,2025-11-06 13:37:42.000000,2025-12-14 16:35:42.405622,7,75,74,37,22,False,0.19461546769967167,0,Active Workspace,0.054
C:\Users\ASUS\Downloads\Agentic ai\__MACOSX\._IMG_1121.JPG,._IMG_1121.JPG,.jpg,0.21484375,2025-11-06 22:25:44.788021,2025-11-06 13:37:50.000000,2025-12-14 16:35:42.406620,7,75,74,37,22,False,0.19461546769967167,0,Active Workspace,0.054
C:\Users\ASUS\Downloads\Agentic ai\__MACOSX\._IMG_1122.JPG,._IMG_1122.JPG,.jpg,0.21484375,2025-11-06 22:25:45.763925,2025-11-06 13:38:00.000000,2025-12-14 16:35:42.410472,7,75,74,37,22,False,0.19461546769967167,0,Active Workspace,0.054
